Order ID,Order Date,Year,Month,Quarter,Customer ID,Product ID,User ID,Category,Quantity,Unit Price,Unit Cost,Gross Sales,Discount %,Discount Amount,Net Sales,Total Cost,Profit,Profit Margin %,Sales Channel,Order Status,Ship Date,Payment Method
ORD-00001,2022-02-23,2022,2,Q1,CUST-0081,PROD-0003,USER-016,Electronics,18,777.34,413.48,13992.12,5,699.61,13292.51,7442.64,5849.87,44.01,Online,Pending,2022-02-25,UPI
ORD-00002,2025-02-17,2025,2,Q1,CUST-0075,PROD-0069,USER-003,Food & Grocery,2,273.51,181.13,547.02,15,82.05,464.97,362.26,102.71,22.09,Direct Sales,Completed,2025-02-19,Credit Card
ORD-00003,2023-11-10,2023,11,Q4,CUST-0050,PROD-0048,USER-014,Beauty,14,415.31,206.62,5814.34,20,1162.87,4651.47,2892.68,1758.79,37.81,Direct Sales,Completed,2023-11-13,Credit Card
ORD-00004,2022-04-28,2022,4,Q2,CUST-0017,PROD-0024,USER-008,Home & Kitchen,18,704.05,388.98,12672.9,0,0.0,12672.9,7001.64,5671.26,44.75,Wholesale,Completed,2022-04-28,Credit Card
ORD-00005,2025-12-01,2025,12,Q4,CUST-0009,PROD-0075,USER-027,Office Supplies,13,794.13,431.59,10323.69,0,0.0,10323.69,5610.67,4713.02,45.65,Online,Completed,2025-12-03,Credit Card
ORD-00006,2023-02-24,2023,2,Q1,CUST-0073,PROD-0068,USER-018,Food & Grocery,5,333.98,180.53,1669.9,5,83.5,1586.4,902.65,683.75,43.1,Online,Completed,2023-02-28,Cash
ORD-00007,2025-05-26,2025,5,Q2,CUST-0083,PROD-0033,USER-007,Books,14,542.28,227.85,7591.92,0,0.0,7591.92,3189.9,4402.02,57.98,Retail Store,Returned,2025-05-28,PayPal
ORD-00008,2025-03-12,2025,3,Q1,CUST-0051,PROD-0018,USER-025,Home & Kitchen,5,692.73,487.84,3463.65,0,0.0,3463.65,2439.2,1024.45,29.58,Direct Sales,Completed,2025-03-14,Credit Card
ORD-00009,2025-09-25,2025,9,Q3,CUST-0057,PROD-0050,USER-023,Toys,5,960.94,417.8,4804.7,5,240.24,4564.46,2089.0,2475.46,54.23,Online,Completed,2025-09-28,Credit Card
ORD-00010,2025-11-15,2025,11,Q4,CUST-0097,PROD-0024,USER-030,Home & Kitchen,13,704.05,388.98,9152.65,10,915.26,8237.39,5056.74,3180.65,38.61,Direct Sales,Completed,2025-11-17,PayPal
ORD-00011,2022-08-09,2022,8,Q3,CUST-0029,PROD-0013,USER-014,Clothing,20,360.23,238.56,7204.6,0,0.0,7204.6,4771.2,2433.4,33.78,Wholesale,Completed,2022-08-14,Cash
ORD-00012,2022-05-24,2022,5,Q2,CUST-0077,PROD-0021,USER-007,Home & Kitchen,18,121.0,56.28,2178.0,5,108.9,2069.1,1013.04,1056.06,51.04,Retail Store,Pending,2022-05-26,UPI
ORD-00013,2022-04-09,2022,4,Q2,CUST-0088,PROD-0068,USER-025,Food & Grocery,5,333.98,180.53,1669.9,20,333.98,1335.92,902.65,433.27,32.43,Wholesale,Returned,2022-04-12,Bank Transfer
ORD-00014,2023-12-02,2023,12,Q4,CUST-0042,PROD-0030,USER-012,Sports,7,547.13,279.15,3829.91,0,0.0,3829.91,1954.05,1875.86,48.98,Direct Sales,Returned,2023-12-07,Cash
ORD-00015,2025-01-06,2025,1,Q1,CUST-0032,PROD-0051,USER-024,Toys,16,733.95,495.91,11743.2,0,0.0,11743.2,7934.56,3808.64,32.43,Wholesale,Completed,2025-01-08,PayPal
ORD-00016,2024-03-17,2024,3,Q1,CUST-0006,PROD-0037,USER-005,Books,13,582.25,407.17,7569.25,0,0.0,7569.25,5293.21,2276.04,30.07,Retail Store,Returned,2024-03-20,Credit Card
ORD-00017,2022-02-26,2022,2,Q1,CUST-0072,PROD-0070,USER-012,Food & Grocery,12,313.6,179.2,3763.2,15,564.48,3198.72,2150.4,1048.32,32.77,Online,Completed,2022-02-28,UPI
ORD-00018,2025-09-11,2025,9,Q3,CUST-0009,PROD-0041,USER-007,Beauty,7,678.82,396.97,4751.74,0,0.0,4751.74,2778.79,1972.95,41.52,Online,Completed,2025-09-16,UPI
ORD-00019,2023-01-27,2023,1,Q1,CUST-0035,PROD-0023,USER-006,Home & Kitchen,18,659.44,360.35,11869.92,15,1780.49,10089.43,6486.3,3603.13,35.71,Wholesale,Completed,2023-01-28,Cash
ORD-00020,2023-12-22,2023,12,Q4,CUST-0072,PROD-0042,USER-011,Beauty,5,370.28,282.66,1851.4,0,0.0,1851.4,1413.3,438.1,23.66,Wholesale,Pending,2023-12-27,Cash
ORD-00021,2023-02-27,2023,2,Q1,CUST-0048,PROD-0025,USER-015,Sports,2,972.91,498.93,1945.82,0,0.0,1945.82,997.86,947.96,48.72,Wholesale,Completed,2023-02-28,PayPal
ORD-00022,2022-08-19,2022,8,Q3,CUST-0039,PROD-0007,USER-010,Electronics,20,870.29,420.43,17405.8,15,2610.87,14794.93,8408.6,6386.33,43.17,Online,Pending,2022-08-21,Credit Card
ORD-00023,2024-02-09,2024,2,Q1,CUST-0020,PROD-0059,USER-026,Automotive,18,749.92,471.65,13498.56,0,0.0,13498.56,8489.7,5008.86,37.11,Direct Sales,Completed,2024-02-11,Cash
ORD-00024,2023-12-01,2023,12,Q4,CUST-0029,PROD-0067,USER-023,Food & Grocery,2,245.11,175.08,490.22,0,0.0,490.22,350.16,140.06,28.57,Wholesale,Completed,2023-12-05,Bank Transfer
ORD-00025,2023-09-21,2023,9,Q3,CUST-0027,PROD-0022,USER-007,Home & Kitchen,10,316.01,140.45,3160.1,0,0.0,3160.1,1404.5,1755.6,55.56,Retail Store,Completed,2023-09-24,Cash
ORD-00026,2025-05-19,2025,5,Q2,CUST-0098,PROD-0039,USER-003,Books,9,783.31,418.88,7049.79,0,0.0,7049.79,3769.92,3279.87,46.52,Direct Sales,Completed,2025-05-21,PayPal
ORD-00027,2022-06-03,2022,6,Q2,CUST-0059,PROD-0052,USER-018,Toys,17,921.9,443.22,15672.3,0,0.0,15672.3,7534.74,8137.56,51.92,Direct Sales,Completed,2022-06-04,PayPal
ORD-00028,2023-03-19,2023,3,Q1,CUST-0074,PROD-0011,USER-001,Clothing,12,189.57,111.51,2274.84,0,0.0,2274.84,1338.12,936.72,41.18,Wholesale,Completed,2023-03-23,Credit Card
ORD-00029,2024-01-07,2024,1,Q1,CUST-0055,PROD-0053,USER-001,Toys,16,510.65,378.26,8170.4,15,1225.56,6944.84,6052.16,892.68,12.85,Direct Sales,Completed,2024-01-08,Cash
ORD-00030,2024-12-27,2024,12,Q4,CUST-0020,PROD-0018,USER-012,Home & Kitchen,17,692.73,487.84,11776.41,10,1177.64,10598.77,8293.28,2305.49,21.75,Direct Sales,Returned,2024-12-28,Credit Card
ORD-00031,2024-01-07,2024,1,Q1,CUST-0022,PROD-0026,USER-020,Sports,12,280.63,148.48,3367.56,0,0.0,3367.56,1781.76,1585.8,47.09,Direct Sales,Completed,2024-01-11,Cash
ORD-00032,2022-12-07,2022,12,Q4,CUST-0090,PROD-0037,USER-023,Books,20,582.25,407.17,11645.0,5,582.25,11062.75,8143.4,2919.35,26.39,Retail Store,Returned,2022-12-10,UPI
ORD-00033,2022-05-21,2022,5,Q2,CUST-0013,PROD-0022,USER-001,Home & Kitchen,8,316.01,140.45,2528.08,10,252.81,2275.27,1123.6,1151.67,50.62,Retail Store,Pending,2022-05-22,Bank Transfer
ORD-00034,2024-12-21,2024,12,Q4,CUST-0008,PROD-0002,USER-011,Electronics,2,320.22,163.38,640.44,5,32.02,608.42,326.76,281.66,46.29,Wholesale,Completed,2024-12-24,UPI
ORD-00035,2024-08-07,2024,8,Q3,CUST-0066,PROD-0010,USER-018,Clothing,17,295.0,215.33,5015.0,15,752.25,4262.75,3660.61,602.14,14.13,Direct Sales,Completed,2024-08-12,Credit Card
ORD-00036,2025-08-13,2025,8,Q3,CUST-0038,PROD-0034,USER-005,Books,1,528.12,291.78,528.12,0,0.0,528.12,291.78,236.34,44.75,Wholesale,Pending,2025-08-14,UPI
ORD-00037,2024-02-03,2024,2,Q1,CUST-0094,PROD-0067,USER-030,Food & Grocery,1,245.11,175.08,245.11,0,0.0,245.11,175.08,70.03,28.57,Retail Store,Completed,2024-02-04,Credit Card
ORD-00038,2025-11-01,2025,11,Q4,CUST-0036,PROD-0032,USER-016,Sports,16,54.33,31.77,869.28,5,43.46,825.82,508.32,317.5,38.45,Online,Completed,2025-11-06,PayPal
ORD-00039,2022-09-28,2022,9,Q3,CUST-0016,PROD-0013,USER-021,Clothing,3,360.23,238.56,1080.69,10,108.07,972.62,715.68,256.94,26.42,Wholesale,Returned,2022-09-28,Credit Card
ORD-00040,2025-11-27,2025,11,Q4,CUST-0048,PROD-0020,USER-029,Home & Kitchen,19,484.81,257.88,9211.39,20,1842.28,7369.11,4899.72,2469.39,33.51,Direct Sales,Completed,2025-11-28,PayPal
ORD-00041,2024-01-03,2024,1,Q1,CUST-0039,PROD-0043,USER-024,Beauty,12,100.66,59.21,1207.92,15,181.19,1026.73,710.52,316.21,30.8,Wholesale,Returned,2024-01-05,UPI
ORD-00042,2023-12-25,2023,12,Q4,CUST-0018,PROD-0018,USER-005,Home & Kitchen,13,692.73,487.84,9005.49,0,0.0,9005.49,6341.92,2663.57,29.58,Retail Store,Completed,2023-12-26,Bank Transfer
ORD-00043,2024-05-10,2024,5,Q2,CUST-0029,PROD-0002,USER-027,Electronics,3,320.22,163.38,960.66,20,192.13,768.53,490.14,278.39,36.22,Wholesale,Completed,2024-05-11,UPI
ORD-00044,2022-11-01,2022,11,Q4,CUST-0022,PROD-0018,USER-005,Home & Kitchen,4,692.73,487.84,2770.92,0,0.0,2770.92,1951.36,819.56,29.58,Direct Sales,Completed,2022-11-04,UPI
ORD-00045,2022-09-20,2022,9,Q3,CUST-0100,PROD-0078,USER-003,Office Supplies,5,1018.64,482.77,5093.2,10,509.32,4583.88,2413.85,2170.03,47.34,Online,Completed,2022-09-21,Cash
ORD-00046,2024-08-12,2024,8,Q3,CUST-0074,PROD-0019,USER-004,Home & Kitchen,18,436.67,205.01,7860.06,10,786.01,7074.05,3690.18,3383.87,47.83,Wholesale,Completed,2024-08-14,PayPal
ORD-00047,2025-08-27,2025,8,Q3,CUST-0013,PROD-0031,USER-029,Sports,10,821.96,349.77,8219.6,20,1643.92,6575.68,3497.7,3077.98,46.81,Wholesale,Completed,2025-08-28,PayPal
ORD-00048,2023-12-07,2023,12,Q4,CUST-0028,PROD-0039,USER-008,Books,15,783.31,418.88,11749.65,10,1174.96,10574.69,6283.2,4291.49,40.58,Retail Store,Returned,2023-12-08,PayPal
ORD-00049,2022-07-25,2022,7,Q3,CUST-0085,PROD-0058,USER-010,Automotive,4,891.66,492.63,3566.64,15,535.0,3031.64,1970.52,1061.12,35.0,Wholesale,Completed,2022-07-28,Cash
ORD-00050,2024-02-27,2024,2,Q1,CUST-0075,PROD-0047,USER-030,Beauty,16,600.87,269.45,9613.92,20,1922.78,7691.14,4311.2,3379.94,43.95,Retail Store,Completed,2024-02-28,PayPal
ORD-00051,2024-05-02,2024,5,Q2,CUST-0031,PROD-0019,USER-013,Home & Kitchen,16,436.67,205.01,6986.72,10,698.67,6288.05,3280.16,3007.89,47.84,Retail Store,Completed,2024-05-03,Credit Card
ORD-00052,2023-03-13,2023,3,Q1,CUST-0074,PROD-0062,USER-014,Automotive,5,405.29,214.44,2026.45,15,303.97,1722.48,1072.2,650.28,37.75,Retail Store,Completed,2023-03-17,PayPal
ORD-00053,2022-10-12,2022,10,Q4,CUST-0074,PROD-0004,USER-024,Electronics,20,1113.23,494.77,22264.6,20,4452.92,17811.68,9895.4,7916.28,44.44,Wholesale,Pending,2022-10-14,Bank Transfer
ORD-00054,2025-02-12,2025,2,Q1,CUST-0013,PROD-0062,USER-022,Automotive,5,405.29,214.44,2026.45,0,0.0,2026.45,1072.2,954.25,47.09,Wholesale,Pending,2025-02-17,Cash
ORD-00055,2024-03-06,2024,3,Q1,CUST-0098,PROD-0032,USER-005,Sports,5,54.33,31.77,271.65,15,40.75,230.9,158.85,72.05,31.2,Wholesale,Completed,2024-03-11,Credit Card
ORD-00056,2023-11-18,2023,11,Q4,CUST-0035,PROD-0039,USER-026,Books,9,783.31,418.88,7049.79,0,0.0,7049.79,3769.92,3279.87,46.52,Retail Store,Pending,2023-11-19,Credit Card
ORD-00057,2022-11-16,2022,11,Q4,CUST-0080,PROD-0032,USER-024,Sports,1,54.33,31.77,54.33,20,10.87,43.46,31.77,11.69,26.9,Wholesale,Returned,2022-11-17,PayPal
ORD-00058,2023-12-05,2023,12,Q4,CUST-0024,PROD-0076,USER-008,Office Supplies,3,407.85,188.82,1223.55,15,183.53,1040.02,566.46,473.56,45.53,Retail Store,Pending,2023-12-07,PayPal
ORD-00059,2024-07-21,2024,7,Q3,CUST-0097,PROD-0020,USER-002,Home & Kitchen,7,484.81,257.88,3393.67,0,0.0,3393.67,1805.16,1588.51,46.81,Direct Sales,Completed,2024-07-23,PayPal
ORD-00060,2025-12-15,2025,12,Q4,CUST-0041,PROD-0073,USER-018,Office Supplies,7,95.67,73.03,669.69,0,0.0,669.69,511.21,158.48,23.66,Online,Pending,2025-12-19,Cash
ORD-00061,2023-07-08,2023,7,Q3,CUST-0042,PROD-0051,USER-018,Toys,5,733.95,495.91,3669.75,0,0.0,3669.75,2479.55,1190.2,32.43,Wholesale,Returned,2023-07-09,Credit Card
ORD-00062,2023-09-01,2023,9,Q3,CUST-0005,PROD-0023,USER-021,Home & Kitchen,1,659.44,360.35,659.44,20,131.89,527.55,360.35,167.2,31.69,Online,Completed,2023-09-04,UPI
ORD-00063,2024-08-08,2024,8,Q3,CUST-0063,PROD-0075,USER-006,Office Supplies,15,794.13,431.59,11911.95,20,2382.39,9529.56,6473.85,3055.71,32.07,Direct Sales,Pending,2024-08-11,Cash
ORD-00064,2025-02-05,2025,2,Q1,CUST-0100,PROD-0048,USER-001,Beauty,9,415.31,206.62,3737.79,0,0.0,3737.79,1859.58,1878.21,50.25,Retail Store,Returned,2025-02-06,Bank Transfer
ORD-00065,2023-03-19,2023,3,Q1,CUST-0074,PROD-0057,USER-022,Automotive,12,994.69,438.19,11936.28,0,0.0,11936.28,5258.28,6678.0,55.95,Wholesale,Returned,2023-03-21,PayPal
ORD-00066,2025-03-22,2025,3,Q1,CUST-0040,PROD-0068,USER-024,Food & Grocery,17,333.98,180.53,5677.66,0,0.0,5677.66,3069.01,2608.65,45.95,Online,Pending,2025-03-23,PayPal
ORD-00067,2022-07-18,2022,7,Q3,CUST-0087,PROD-0080,USER-020,Office Supplies,4,618.25,277.24,2473.0,15,370.95,2102.05,1108.96,993.09,47.24,Direct Sales,Completed,2022-07-19,PayPal
ORD-00068,2023-01-17,2023,1,Q1,CUST-0050,PROD-0052,USER-030,Toys,2,921.9,443.22,1843.8,5,92.19,1751.61,886.44,865.17,49.39,Retail Store,Completed,2023-01-20,Cash
ORD-00069,2024-01-04,2024,1,Q1,CUST-0031,PROD-0062,USER-018,Automotive,19,405.29,214.44,7700.51,20,1540.1,6160.41,4074.36,2086.05,33.86,Direct Sales,Returned,2024-01-09,UPI
ORD-00070,2023-09-18,2023,9,Q3,CUST-0009,PROD-0034,USER-002,Books,18,528.12,291.78,9506.16,5,475.31,9030.85,5252.04,3778.81,41.84,Direct Sales,Completed,2023-09-19,Cash
ORD-00071,2022-10-05,2022,10,Q4,CUST-0012,PROD-0017,USER-023,Home & Kitchen,16,864.42,411.63,13830.72,5,691.54,13139.18,6586.08,6553.1,49.87,Direct Sales,Completed,2022-10-08,Bank Transfer
ORD-00072,2025-04-12,2025,4,Q2,CUST-0023,PROD-0023,USER-007,Home & Kitchen,17,659.44,360.35,11210.48,15,1681.57,9528.91,6125.95,3402.96,35.71,Wholesale,Completed,2025-04-16,Bank Transfer
ORD-00073,2025-08-05,2025,8,Q3,CUST-0048,PROD-0074,USER-017,Office Supplies,11,717.96,478.64,7897.56,0,0.0,7897.56,5265.04,2632.52,33.33,Online,Completed,2025-08-06,PayPal
ORD-00074,2023-10-04,2023,10,Q4,CUST-0039,PROD-0058,USER-010,Automotive,11,891.66,492.63,9808.26,15,1471.24,8337.02,5418.93,2918.09,35.0,Wholesale,Pending,2023-10-09,UPI
ORD-00075,2024-06-18,2024,6,Q2,CUST-0042,PROD-0039,USER-021,Books,6,783.31,418.88,4699.86,0,0.0,4699.86,2513.28,2186.58,46.52,Direct Sales,Pending,2024-06-23,Credit Card
ORD-00076,2023-11-18,2023,11,Q4,CUST-0085,PROD-0011,USER-006,Clothing,1,189.57,111.51,189.57,0,0.0,189.57,111.51,78.06,41.18,Wholesale,Pending,2023-11-22,Cash
ORD-00077,2023-06-15,2023,6,Q2,CUST-0077,PROD-0067,USER-008,Food & Grocery,7,245.11,175.08,1715.77,15,257.37,1458.4,1225.56,232.84,15.97,Direct Sales,Completed,2023-06-18,Bank Transfer
ORD-00078,2022-12-18,2022,12,Q4,CUST-0050,PROD-0007,USER-026,Electronics,13,870.29,420.43,11313.77,10,1131.38,10182.39,5465.59,4716.8,46.32,Direct Sales,Pending,2022-12-20,Credit Card
ORD-00079,2022-09-12,2022,9,Q3,CUST-0054,PROD-0041,USER-028,Beauty,1,678.82,396.97,678.82,0,0.0,678.82,396.97,281.85,41.52,Wholesale,Returned,2022-09-15,Credit Card
ORD-00080,2022-05-06,2022,5,Q2,CUST-0039,PROD-0015,USER-014,Clothing,14,274.31,209.4,3840.34,0,0.0,3840.34,2931.6,908.74,23.66,Retail Store,Completed,2022-05-11,UPI
ORD-00081,2022-05-03,2022,5,Q2,CUST-0016,PROD-0060,USER-004,Automotive,13,682.05,385.34,8866.65,5,443.33,8423.32,5009.42,3413.9,40.53,Direct Sales,Completed,2022-05-05,Cash
ORD-00082,2025-08-27,2025,8,Q3,CUST-0050,PROD-0027,USER-029,Sports,10,437.56,186.99,4375.6,15,656.34,3719.26,1869.9,1849.36,49.72,Direct Sales,Pending,2025-08-28,UPI
ORD-00083,2022-07-04,2022,7,Q3,CUST-0045,PROD-0021,USER-008,Home & Kitchen,10,121.0,56.28,1210.0,10,121.0,1089.0,562.8,526.2,48.32,Wholesale,Pending,2022-07-09,Credit Card
ORD-00084,2022-08-07,2022,8,Q3,CUST-0052,PROD-0050,USER-028,Toys,18,960.94,417.8,17296.92,0,0.0,17296.92,7520.4,9776.52,56.52,Online,Returned,2022-08-10,Credit Card
ORD-00085,2025-05-05,2025,5,Q2,CUST-0073,PROD-0054,USER-022,Toys,6,286.99,163.06,1721.94,0,0.0,1721.94,978.36,743.58,43.18,Retail Store,Returned,2025-05-10,Credit Card
ORD-00086,2022-07-11,2022,7,Q3,CUST-0003,PROD-0018,USER-018,Home & Kitchen,14,692.73,487.84,9698.22,20,1939.64,7758.58,6829.76,928.82,11.97,Online,Pending,2022-07-12,Bank Transfer
ORD-00087,2022-03-03,2022,3,Q1,CUST-0084,PROD-0046,USER-012,Beauty,2,279.57,154.46,559.14,5,27.96,531.18,308.92,222.26,41.84,Wholesale,Completed,2022-03-05,Credit Card
ORD-00088,2023-10-24,2023,10,Q4,CUST-0061,PROD-0024,USER-011,Home & Kitchen,18,704.05,388.98,12672.9,0,0.0,12672.9,7001.64,5671.26,44.75,Direct Sales,Completed,2023-10-26,Cash
ORD-00089,2024-01-22,2024,1,Q1,CUST-0037,PROD-0068,USER-010,Food & Grocery,9,333.98,180.53,3005.82,0,0.0,3005.82,1624.77,1381.05,45.95,Direct Sales,Completed,2024-01-26,UPI
ORD-00090,2024-06-14,2024,6,Q2,CUST-0092,PROD-0033,USER-009,Books,12,542.28,227.85,6507.36,15,976.1,5531.26,2734.2,2797.06,50.57,Wholesale,Completed,2024-06-19,Credit Card
ORD-00091,2025-09-20,2025,9,Q3,CUST-0079,PROD-0045,USER-005,Beauty,15,403.29,163.94,6049.35,10,604.93,5444.42,2459.1,2985.32,54.83,Online,Completed,2025-09-21,Cash
ORD-00092,2024-02-12,2024,2,Q1,CUST-0027,PROD-0030,USER-013,Sports,4,547.13,279.15,2188.52,15,328.28,1860.24,1116.6,743.64,39.98,Wholesale,Completed,2024-02-17,Cash
ORD-00093,2022-02-09,2022,2,Q1,CUST-0016,PROD-0038,USER-009,Books,8,213.22,134.95,1705.76,20,341.15,1364.61,1079.6,285.01,20.89,Wholesale,Completed,2022-02-13,Cash
ORD-00094,2025-04-23,2025,4,Q2,CUST-0064,PROD-0045,USER-030,Beauty,14,403.29,163.94,5646.06,10,564.61,5081.45,2295.16,2786.29,54.83,Retail Store,Completed,2025-04-25,PayPal
ORD-00095,2025-01-10,2025,1,Q1,CUST-0098,PROD-0002,USER-024,Electronics,14,320.22,163.38,4483.08,0,0.0,4483.08,2287.32,2195.76,48.98,Retail Store,Returned,2025-01-11,UPI
ORD-00096,2025-11-08,2025,11,Q4,CUST-0088,PROD-0005,USER-028,Electronics,4,624.79,452.75,2499.16,5,124.96,2374.2,1811.0,563.2,23.72,Online,Completed,2025-11-11,Cash
ORD-00097,2024-11-20,2024,11,Q4,CUST-0041,PROD-0043,USER-021,Beauty,20,100.66,59.21,2013.2,5,100.66,1912.54,1184.2,728.34,38.08,Wholesale,Completed,2024-11-21,UPI
ORD-00098,2022-10-19,2022,10,Q4,CUST-0022,PROD-0056,USER-022,Toys,11,378.73,192.25,4166.03,15,624.9,3541.13,2114.75,1426.38,40.28,Direct Sales,Returned,2022-10-24,Credit Card
ORD-00099,2025-05-11,2025,5,Q2,CUST-0005,PROD-0047,USER-017,Beauty,10,600.87,269.45,6008.7,5,300.44,5708.26,2694.5,3013.76,52.8,Retail Store,Returned,2025-05-12,Cash
ORD-00100,2025-10-10,2025,10,Q4,CUST-0031,PROD-0030,USER-001,Sports,8,547.13,279.15,4377.04,0,0.0,4377.04,2233.2,2143.84,48.98,Retail Store,Pending,2025-10-11,Bank Transfer
ORD-00101,2025-07-07,2025,7,Q3,CUST-0075,PROD-0029,USER-024,Sports,3,682.51,346.45,2047.53,15,307.13,1740.4,1039.35,701.05,40.28,Online,Pending,2025-07-11,Credit Card
ORD-00102,2024-04-12,2024,4,Q2,CUST-0052,PROD-0002,USER-004,Electronics,3,320.22,163.38,960.66,15,144.1,816.56,490.14,326.42,39.98,Direct Sales,Completed,2024-04-17,Credit Card
ORD-00103,2023-11-19,2023,11,Q4,CUST-0062,PROD-0060,USER-009,Automotive,1,682.05,385.34,682.05,0,0.0,682.05,385.34,296.71,43.5,Direct Sales,Completed,2023-11-24,Bank Transfer
ORD-00104,2022-02-02,2022,2,Q1,CUST-0016,PROD-0041,USER-028,Beauty,3,678.82,396.97,2036.46,10,203.65,1832.81,1190.91,641.9,35.02,Direct Sales,Completed,2022-02-07,Cash
ORD-00105,2024-06-15,2024,6,Q2,CUST-0098,PROD-0034,USER-029,Books,15,528.12,291.78,7921.8,0,0.0,7921.8,4376.7,3545.1,44.75,Retail Store,Pending,2024-06-18,Bank Transfer
ORD-00106,2023-08-14,2023,8,Q3,CUST-0011,PROD-0054,USER-027,Toys,12,286.99,163.06,3443.88,0,0.0,3443.88,1956.72,1487.16,43.18,Online,Pending,2023-08-16,PayPal
ORD-00107,2025-03-07,2025,3,Q1,CUST-0053,PROD-0007,USER-025,Electronics,9,870.29,420.43,7832.61,0,0.0,7832.61,3783.87,4048.74,51.69,Direct Sales,Completed,2025-03-10,Cash
ORD-00108,2024-01-11,2024,1,Q1,CUST-0080,PROD-0064,USER-027,Automotive,16,87.18,45.17,1394.88,20,278.98,1115.9,722.72,393.18,35.23,Retail Store,Completed,2024-01-14,Credit Card
ORD-00109,2025-04-07,2025,4,Q2,CUST-0014,PROD-0013,USER-007,Clothing,3,360.23,238.56,1080.69,0,0.0,1080.69,715.68,365.01,33.78,Direct Sales,Pending,2025-04-12,PayPal
ORD-00110,2024-08-07,2024,8,Q3,CUST-0007,PROD-0013,USER-007,Clothing,14,360.23,238.56,5043.22,10,504.32,4538.9,3339.84,1199.06,26.42,Direct Sales,Completed,2024-08-10,PayPal
ORD-00111,2024-09-20,2024,9,Q3,CUST-0078,PROD-0010,USER-007,Clothing,5,295.0,215.33,1475.0,10,147.5,1327.5,1076.65,250.85,18.9,Online,Completed,2024-09-21,Bank Transfer
ORD-00112,2022-09-21,2022,9,Q3,CUST-0040,PROD-0060,USER-004,Automotive,7,682.05,385.34,4774.35,0,0.0,4774.35,2697.38,2076.97,43.5,Online,Returned,2022-09-24,Credit Card
ORD-00113,2023-12-20,2023,12,Q4,CUST-0067,PROD-0037,USER-003,Books,8,582.25,407.17,4658.0,0,0.0,4658.0,3257.36,1400.64,30.07,Wholesale,Completed,2023-12-23,Cash
ORD-00114,2024-04-02,2024,4,Q2,CUST-0004,PROD-0001,USER-010,Electronics,8,808.7,347.08,6469.6,10,646.96,5822.64,2776.64,3046.0,52.31,Retail Store,Pending,2024-04-04,UPI
ORD-00115,2022-02-02,2022,2,Q1,CUST-0087,PROD-0064,USER-001,Automotive,12,87.18,45.17,1046.16,15,156.92,889.24,542.04,347.2,39.04,Direct Sales,Pending,2022-02-03,PayPal
ORD-00116,2024-09-09,2024,9,Q3,CUST-0041,PROD-0008,USER-024,Electronics,4,824.83,499.9,3299.32,10,329.93,2969.39,1999.6,969.79,32.66,Retail Store,Completed,2024-09-10,UPI
ORD-00117,2024-02-22,2024,2,Q1,CUST-0057,PROD-0062,USER-017,Automotive,10,405.29,214.44,4052.9,10,405.29,3647.61,2144.4,1503.21,41.21,Online,Pending,2024-02-23,UPI
ORD-00118,2022-04-19,2022,4,Q2,CUST-0054,PROD-0069,USER-014,Food & Grocery,17,273.51,181.13,4649.67,20,929.93,3719.74,3079.21,640.53,17.22,Retail Store,Completed,2022-04-22,PayPal
ORD-00119,2024-09-25,2024,9,Q3,CUST-0057,PROD-0069,USER-026,Food & Grocery,15,273.51,181.13,4102.65,20,820.53,3282.12,2716.95,565.17,17.22,Retail Store,Completed,2024-09-28,PayPal
ORD-00120,2024-12-12,2024,12,Q4,CUST-0099,PROD-0073,USER-007,Office Supplies,16,95.67,73.03,1530.72,0,0.0,1530.72,1168.48,362.24,23.66,Wholesale,Pending,2024-12-13,Bank Transfer
ORD-00121,2024-10-07,2024,10,Q4,CUST-0093,PROD-0080,USER-022,Office Supplies,7,618.25,277.24,4327.75,0,0.0,4327.75,1940.68,2387.07,55.16,Retail Store,Pending,2024-10-09,UPI
ORD-00122,2025-11-25,2025,11,Q4,CUST-0046,PROD-0065,USER-026,Food & Grocery,14,299.41,194.42,4191.74,10,419.17,3772.57,2721.88,1050.69,27.85,Wholesale,Completed,2025-11-27,Bank Transfer
ORD-00123,2023-07-08,2023,7,Q3,CUST-0061,PROD-0070,USER-014,Food & Grocery,15,313.6,179.2,4704.0,5,235.2,4468.8,2688.0,1780.8,39.85,Direct Sales,Pending,2023-07-09,UPI
ORD-00124,2024-12-15,2024,12,Q4,CUST-0052,PROD-0002,USER-017,Electronics,8,320.22,163.38,2561.76,10,256.18,2305.58,1307.04,998.54,43.31,Retail Store,Completed,2024-12-17,Cash
ORD-00125,2024-04-17,2024,4,Q2,CUST-0019,PROD-0063,USER-024,Automotive,16,282.77,164.4,4524.32,0,0.0,4524.32,2630.4,1893.92,41.86,Direct Sales,Completed,2024-04-19,PayPal
ORD-00126,2023-06-25,2023,6,Q2,CUST-0008,PROD-0031,USER-013,Sports,20,821.96,349.77,16439.2,0,0.0,16439.2,6995.4,9443.8,57.45,Direct Sales,Completed,2023-06-28,PayPal
ORD-00127,2023-01-02,2023,1,Q1,CUST-0011,PROD-0002,USER-007,Electronics,20,320.22,163.38,6404.4,20,1280.88,5123.52,3267.6,1855.92,36.22,Direct Sales,Completed,2023-01-06,PayPal
ORD-00128,2024-01-17,2024,1,Q1,CUST-0052,PROD-0069,USER-018,Food & Grocery,10,273.51,181.13,2735.1,10,273.51,2461.59,1811.3,650.29,26.42,Retail Store,Returned,2024-01-21,PayPal
ORD-00129,2025-07-11,2025,7,Q3,CUST-0077,PROD-0044,USER-002,Beauty,6,37.19,17.88,223.14,0,0.0,223.14,107.28,115.86,51.92,Retail Store,Returned,2025-07-14,Credit Card
ORD-00130,2025-07-22,2025,7,Q3,CUST-0012,PROD-0025,USER-030,Sports,15,972.91,498.93,14593.65,10,1459.37,13134.28,7483.95,5650.33,43.02,Direct Sales,Returned,2025-07-27,UPI
ORD-00131,2023-08-03,2023,8,Q3,CUST-0069,PROD-0001,USER-001,Electronics,19,808.7,347.08,15365.3,0,0.0,15365.3,6594.52,8770.78,57.08,Wholesale,Completed,2023-08-04,Bank Transfer
ORD-00132,2022-04-19,2022,4,Q2,CUST-0078,PROD-0004,USER-025,Electronics,5,1113.23,494.77,5566.15,0,0.0,5566.15,2473.85,3092.3,55.56,Retail Store,Completed,2022-04-22,Bank Transfer
ORD-00133,2022-06-23,2022,6,Q2,CUST-0007,PROD-0051,USER-008,Toys,14,733.95,495.91,10275.3,15,1541.3,8734.0,6942.74,1791.26,20.51,Wholesale,Completed,2022-06-26,PayPal
ORD-00134,2024-10-27,2024,10,Q4,CUST-0099,PROD-0069,USER-014,Food & Grocery,17,273.51,181.13,4649.67,0,0.0,4649.67,3079.21,1570.46,33.78,Wholesale,Pending,2024-10-28,PayPal
ORD-00135,2023-11-04,2023,11,Q4,CUST-0029,PROD-0046,USER-016,Beauty,4,279.57,154.46,1118.28,0,0.0,1118.28,617.84,500.44,44.75,Direct Sales,Pending,2023-11-06,Cash
ORD-00136,2023-08-28,2023,8,Q3,CUST-0036,PROD-0011,USER-021,Clothing,5,189.57,111.51,947.85,0,0.0,947.85,557.55,390.3,41.18,Retail Store,Returned,2023-08-28,Bank Transfer
ORD-00137,2022-09-01,2022,9,Q3,CUST-0092,PROD-0039,USER-001,Books,6,783.31,418.88,4699.86,0,0.0,4699.86,2513.28,2186.58,46.52,Direct Sales,Completed,2022-09-04,UPI
ORD-00138,2022-02-13,2022,2,Q1,CUST-0047,PROD-0063,USER-011,Automotive,19,282.77,164.4,5372.63,5,268.63,5104.0,3123.6,1980.4,38.8,Direct Sales,Completed,2022-02-18,Bank Transfer
ORD-00139,2025-03-07,2025,3,Q1,CUST-0065,PROD-0056,USER-019,Toys,11,378.73,192.25,4166.03,0,0.0,4166.03,2114.75,2051.28,49.24,Direct Sales,Returned,2025-03-09,PayPal
ORD-00140,2025-07-08,2025,7,Q3,CUST-0024,PROD-0040,USER-006,Books,8,361.93,199.96,2895.44,0,0.0,2895.44,1599.68,1295.76,44.75,Retail Store,Completed,2025-07-12,Credit Card
ORD-00141,2025-09-21,2025,9,Q3,CUST-0013,PROD-0007,USER-012,Electronics,2,870.29,420.43,1740.58,10,174.06,1566.52,840.86,725.66,46.32,Online,Completed,2025-09-23,UPI
ORD-00142,2022-11-04,2022,11,Q4,CUST-0052,PROD-0003,USER-030,Electronics,10,777.34,413.48,7773.4,0,0.0,7773.4,4134.8,3638.6,46.81,Online,Completed,2022-11-07,Credit Card
ORD-00143,2024-04-08,2024,4,Q2,CUST-0010,PROD-0048,USER-012,Beauty,5,415.31,206.62,2076.55,5,103.83,1972.72,1033.1,939.62,47.63,Retail Store,Completed,2024-04-11,PayPal
ORD-00144,2024-04-17,2024,4,Q2,CUST-0093,PROD-0047,USER-010,Beauty,17,600.87,269.45,10214.79,0,0.0,10214.79,4580.65,5634.14,55.16,Retail Store,Returned,2024-04-20,Bank Transfer
ORD-00145,2024-03-20,2024,3,Q1,CUST-0056,PROD-0061,USER-021,Automotive,11,32.27,15.82,354.97,10,35.5,319.47,174.02,145.45,45.53,Online,Completed,2024-03-24,PayPal
ORD-00146,2025-07-01,2025,7,Q3,CUST-0054,PROD-0020,USER-019,Home & Kitchen,10,484.81,257.88,4848.1,0,0.0,4848.1,2578.8,2269.3,46.81,Wholesale,Returned,2025-07-02,Bank Transfer
ORD-00147,2025-10-16,2025,10,Q4,CUST-0012,PROD-0071,USER-030,Food & Grocery,6,1159.58,487.22,6957.48,20,1391.5,5565.98,2923.32,2642.66,47.48,Retail Store,Returned,2025-10-17,Bank Transfer
ORD-00148,2022-02-11,2022,2,Q1,CUST-0097,PROD-0057,USER-007,Automotive,11,994.69,438.19,10941.59,0,0.0,10941.59,4820.09,6121.5,55.95,Wholesale,Pending,2022-02-15,Credit Card
ORD-00149,2023-11-11,2023,11,Q4,CUST-0060,PROD-0015,USER-007,Clothing,14,274.31,209.4,3840.34,5,192.02,3648.32,2931.6,716.72,19.65,Direct Sales,Completed,2023-11-14,PayPal
ORD-00150,2023-03-27,2023,3,Q1,CUST-0034,PROD-0033,USER-025,Books,2,542.28,227.85,1084.56,10,108.46,976.1,455.7,520.4,53.31,Retail Store,Completed,2023-03-28,PayPal
ORD-00151,2025-11-10,2025,11,Q4,CUST-0059,PROD-0043,USER-001,Beauty,8,100.66,59.21,805.28,0,0.0,805.28,473.68,331.6,41.18,Direct Sales,Completed,2025-11-15,Bank Transfer
ORD-00152,2025-10-03,2025,10,Q4,CUST-0015,PROD-0024,USER-006,Home & Kitchen,16,704.05,388.98,11264.8,0,0.0,11264.8,6223.68,5041.12,44.75,Online,Pending,2025-10-06,Cash
ORD-00153,2024-02-17,2024,2,Q1,CUST-0034,PROD-0056,USER-004,Toys,18,378.73,192.25,6817.14,20,1363.43,5453.71,3460.5,1993.21,36.55,Wholesale,Completed,2024-02-18,Bank Transfer
ORD-00154,2023-09-28,2023,9,Q3,CUST-0056,PROD-0012,USER-024,Clothing,6,151.45,86.05,908.7,0,0.0,908.7,516.3,392.4,43.18,Wholesale,Returned,2023-09-28,Bank Transfer
ORD-00155,2024-01-10,2024,1,Q1,CUST-0048,PROD-0002,USER-011,Electronics,9,320.22,163.38,2881.98,0,0.0,2881.98,1470.42,1411.56,48.98,Retail Store,Pending,2024-01-11,Credit Card
ORD-00156,2023-07-28,2023,7,Q3,CUST-0087,PROD-0078,USER-009,Office Supplies,20,1018.64,482.77,20372.8,0,0.0,20372.8,9655.4,10717.4,52.61,Wholesale,Completed,2023-07-28,Credit Card
ORD-00157,2025-07-07,2025,7,Q3,CUST-0039,PROD-0032,USER-030,Sports,15,54.33,31.77,814.95,0,0.0,814.95,476.55,338.4,41.52,Direct Sales,Pending,2025-07-09,PayPal
ORD-00158,2024-01-25,2024,1,Q1,CUST-0076,PROD-0046,USER-019,Beauty,3,279.57,154.46,838.71,0,0.0,838.71,463.38,375.33,44.75,Retail Store,Completed,2024-01-26,UPI
ORD-00159,2023-09-03,2023,9,Q3,CUST-0071,PROD-0047,USER-001,Beauty,12,600.87,269.45,7210.44,0,0.0,7210.44,3233.4,3977.04,55.16,Retail Store,Completed,2023-09-06,Bank Transfer
ORD-00160,2024-12-02,2024,12,Q4,CUST-0017,PROD-0018,USER-028,Home & Kitchen,6,692.73,487.84,4156.38,0,0.0,4156.38,2927.04,1229.34,29.58,Direct Sales,Pending,2024-12-06,Credit Card
ORD-00161,2024-08-04,2024,8,Q3,CUST-0029,PROD-0040,USER-009,Books,16,361.93,199.96,5790.88,15,868.63,4922.25,3199.36,1722.89,35.0,Online,Completed,2024-08-08,Credit Card
ORD-00162,2022-12-05,2022,12,Q4,CUST-0095,PROD-0008,USER-022,Electronics,17,824.83,499.9,14022.11,10,1402.21,12619.9,8498.3,4121.6,32.66,Online,Completed,2022-12-06,Credit Card
ORD-00163,2025-01-04,2025,1,Q1,CUST-0009,PROD-0046,USER-014,Beauty,5,279.57,154.46,1397.85,15,209.68,1188.17,772.3,415.87,35.0,Online,Completed,2025-01-05,Bank Transfer
ORD-00164,2024-02-10,2024,2,Q1,CUST-0005,PROD-0011,USER-019,Clothing,19,189.57,111.51,3601.83,0,0.0,3601.83,2118.69,1483.14,41.18,Wholesale,Completed,2024-02-13,Cash
ORD-00165,2025-06-02,2025,6,Q2,CUST-0073,PROD-0058,USER-006,Automotive,7,891.66,492.63,6241.62,0,0.0,6241.62,3448.41,2793.21,44.75,Direct Sales,Completed,2025-06-06,Cash
ORD-00166,2023-05-05,2023,5,Q2,CUST-0049,PROD-0052,USER-006,Toys,17,921.9,443.22,15672.3,20,3134.46,12537.84,7534.74,5003.1,39.9,Direct Sales,Completed,2023-05-10,UPI
ORD-00167,2023-03-18,2023,3,Q1,CUST-0041,PROD-0042,USER-005,Beauty,8,370.28,282.66,2962.24,15,444.34,2517.9,2261.28,256.62,10.19,Retail Store,Completed,2023-03-21,PayPal
ORD-00168,2025-06-19,2025,6,Q2,CUST-0007,PROD-0016,USER-023,Clothing,13,1096.0,438.4,14248.0,15,2137.2,12110.8,5699.2,6411.6,52.94,Online,Completed,2025-06-23,UPI
ORD-00169,2022-04-05,2022,4,Q2,CUST-0044,PROD-0003,USER-020,Electronics,19,777.34,413.48,14769.46,10,1476.95,13292.51,7856.12,5436.39,40.9,Online,Completed,2022-04-07,Bank Transfer
ORD-00170,2023-03-28,2023,3,Q1,CUST-0028,PROD-0039,USER-002,Books,8,783.31,418.88,6266.48,0,0.0,6266.48,3351.04,2915.44,46.52,Direct Sales,Completed,2023-03-28,Cash
ORD-00171,2023-12-22,2023,12,Q4,CUST-0044,PROD-0077,USER-007,Office Supplies,9,254.79,125.51,2293.11,5,114.66,2178.45,1129.59,1048.86,48.15,Direct Sales,Pending,2023-12-25,UPI
ORD-00172,2023-04-06,2023,4,Q2,CUST-0077,PROD-0051,USER-017,Toys,19,733.95,495.91,13945.05,15,2091.76,11853.29,9422.29,2431.0,20.51,Online,Completed,2023-04-11,UPI
ORD-00173,2024-11-28,2024,11,Q4,CUST-0081,PROD-0057,USER-012,Automotive,17,994.69,438.19,16909.73,0,0.0,16909.73,7449.23,9460.5,55.95,Retail Store,Completed,2024-11-28,PayPal
ORD-00174,2023-09-07,2023,9,Q3,CUST-0061,PROD-0068,USER-004,Food & Grocery,2,333.98,180.53,667.96,15,100.19,567.77,361.06,206.71,36.41,Online,Completed,2023-09-10,Bank Transfer
ORD-00175,2022-02-07,2022,2,Q1,CUST-0084,PROD-0039,USER-016,Books,5,783.31,418.88,3916.55,0,0.0,3916.55,2094.4,1822.15,46.52,Online,Completed,2022-02-12,Credit Card
ORD-00176,2022-09-18,2022,9,Q3,CUST-0090,PROD-0048,USER-008,Beauty,6,415.31,206.62,2491.86,0,0.0,2491.86,1239.72,1252.14,50.25,Direct Sales,Pending,2022-09-20,Credit Card
ORD-00177,2025-06-23,2025,6,Q2,CUST-0001,PROD-0045,USER-025,Beauty,12,403.29,163.94,4839.48,20,967.9,3871.58,1967.28,1904.3,49.19,Wholesale,Completed,2025-06-24,Cash
ORD-00178,2025-09-26,2025,9,Q3,CUST-0079,PROD-0032,USER-010,Sports,11,54.33,31.77,597.63,10,59.76,537.87,349.47,188.4,35.03,Retail Store,Returned,2025-09-27,Bank Transfer
ORD-00179,2024-07-26,2024,7,Q3,CUST-0051,PROD-0030,USER-013,Sports,3,547.13,279.15,1641.39,0,0.0,1641.39,837.45,803.94,48.98,Direct Sales,Completed,2024-07-28,Cash
ORD-00180,2022-08-21,2022,8,Q3,CUST-0031,PROD-0037,USER-006,Books,15,582.25,407.17,8733.75,0,0.0,8733.75,6107.55,2626.2,30.07,Direct Sales,Completed,2022-08-23,UPI
ORD-00181,2022-03-27,2022,3,Q1,CUST-0081,PROD-0060,USER-007,Automotive,20,682.05,385.34,13641.0,15,2046.15,11594.85,7706.8,3888.05,33.53,Retail Store,Completed,2022-03-28,UPI
ORD-00182,2022-10-06,2022,10,Q4,CUST-0070,PROD-0035,USER-002,Books,20,618.47,381.77,12369.4,5,618.47,11750.93,7635.4,4115.53,35.02,Online,Completed,2022-10-09,Cash
ORD-00183,2025-03-16,2025,3,Q1,CUST-0022,PROD-0061,USER-011,Automotive,4,32.27,15.82,129.08,0,0.0,129.08,63.28,65.8,50.98,Wholesale,Completed,2025-03-17,Credit Card
ORD-00184,2025-06-18,2025,6,Q2,CUST-0074,PROD-0004,USER-005,Electronics,8,1113.23,494.77,8905.84,5,445.29,8460.55,3958.16,4502.39,53.22,Wholesale,Completed,2025-06-21,Credit Card
ORD-00185,2022-04-08,2022,4,Q2,CUST-0027,PROD-0028,USER-016,Sports,3,946.94,426.55,2840.82,5,142.04,2698.78,1279.65,1419.13,52.58,Retail Store,Completed,2022-04-11,Cash
ORD-00186,2025-09-01,2025,9,Q3,CUST-0003,PROD-0006,USER-028,Electronics,18,329.23,187.06,5926.14,0,0.0,5926.14,3367.08,2559.06,43.18,Retail Store,Returned,2025-09-02,Cash
ORD-00187,2023-04-03,2023,4,Q2,CUST-0051,PROD-0030,USER-027,Sports,18,547.13,279.15,9848.34,0,0.0,9848.34,5024.7,4823.64,48.98,Online,Completed,2023-04-06,Credit Card
ORD-00188,2022-11-05,2022,11,Q4,CUST-0063,PROD-0015,USER-003,Clothing,4,274.31,209.4,1097.24,15,164.59,932.65,837.6,95.05,10.19,Retail Store,Returned,2022-11-10,Bank Transfer
ORD-00189,2024-11-02,2024,11,Q4,CUST-0058,PROD-0021,USER-005,Home & Kitchen,3,121.0,56.28,363.0,15,54.45,308.55,168.84,139.71,45.28,Retail Store,Completed,2024-11-03,Credit Card
ORD-00190,2024-07-24,2024,7,Q3,CUST-0039,PROD-0059,USER-020,Automotive,6,749.92,471.65,4499.52,5,224.98,4274.54,2829.9,1444.64,33.8,Retail Store,Completed,2024-07-28,UPI
ORD-00191,2023-06-26,2023,6,Q2,CUST-0056,PROD-0013,USER-014,Clothing,20,360.23,238.56,7204.6,0,0.0,7204.6,4771.2,2433.4,33.78,Wholesale,Completed,2023-06-28,Credit Card
ORD-00192,2024-01-09,2024,1,Q1,CUST-0074,PROD-0039,USER-015,Books,19,783.31,418.88,14882.89,5,744.14,14138.75,7958.72,6180.03,43.71,Wholesale,Completed,2024-01-13,Bank Transfer
ORD-00193,2023-01-03,2023,1,Q1,CUST-0031,PROD-0058,USER-027,Automotive,18,891.66,492.63,16049.88,20,3209.98,12839.9,8867.34,3972.56,30.94,Online,Completed,2023-01-05,UPI
ORD-00194,2024-03-09,2024,3,Q1,CUST-0019,PROD-0058,USER-011,Automotive,4,891.66,492.63,3566.64,0,0.0,3566.64,1970.52,1596.12,44.75,Online,Completed,2024-03-12,Cash
ORD-00195,2025-06-21,2025,6,Q2,CUST-0098,PROD-0010,USER-029,Clothing,18,295.0,215.33,5310.0,0,0.0,5310.0,3875.94,1434.06,27.01,Retail Store,Pending,2025-06-26,Cash
ORD-00196,2025-01-27,2025,1,Q1,CUST-0097,PROD-0058,USER-006,Automotive,12,891.66,492.63,10699.92,0,0.0,10699.92,5911.56,4788.36,44.75,Direct Sales,Completed,2025-01-28,Cash
ORD-00197,2022-09-20,2022,9,Q3,CUST-0082,PROD-0043,USER-025,Beauty,16,100.66,59.21,1610.56,15,241.58,1368.98,947.36,421.62,30.8,Wholesale,Pending,2022-09-25,Cash
ORD-00198,2023-04-22,2023,4,Q2,CUST-0021,PROD-0031,USER-007,Sports,5,821.96,349.77,4109.8,15,616.47,3493.33,1748.85,1744.48,49.94,Direct Sales,Pending,2023-04-23,Cash
ORD-00199,2022-04-03,2022,4,Q2,CUST-0051,PROD-0078,USER-006,Office Supplies,7,1018.64,482.77,7130.48,20,1426.1,5704.38,3379.39,2324.99,40.76,Online,Completed,2022-04-06,Credit Card
ORD-00200,2025-09-17,2025,9,Q3,CUST-0004,PROD-0063,USER-017,Automotive,4,282.77,164.4,1131.08,5,56.55,1074.53,657.6,416.93,38.8,Online,Completed,2025-09-19,Bank Transfer
ORD-00201,2022-06-10,2022,6,Q2,CUST-0100,PROD-0017,USER-018,Home & Kitchen,2,864.42,411.63,1728.84,0,0.0,1728.84,823.26,905.58,52.38,Direct Sales,Completed,2022-06-14,Bank Transfer
ORD-00202,2022-08-15,2022,8,Q3,CUST-0043,PROD-0040,USER-025,Books,16,361.93,199.96,5790.88,0,0.0,5790.88,3199.36,2591.52,44.75,Online,Completed,2022-08-16,UPI
ORD-00203,2022-02-10,2022,2,Q1,CUST-0039,PROD-0060,USER-013,Automotive,4,682.05,385.34,2728.2,10,272.82,2455.38,1541.36,914.02,37.23,Wholesale,Completed,2022-02-13,Cash
ORD-00204,2025-09-22,2025,9,Q3,CUST-0056,PROD-0036,USER-023,Books,11,273.14,160.67,3004.54,0,0.0,3004.54,1767.37,1237.17,41.18,Direct Sales,Completed,2025-09-24,UPI
ORD-00205,2023-07-09,2023,7,Q3,CUST-0099,PROD-0023,USER-005,Home & Kitchen,2,659.44,360.35,1318.88,0,0.0,1318.88,720.7,598.18,45.36,Retail Store,Completed,2023-07-14,Bank Transfer
ORD-00206,2025-02-22,2025,2,Q1,CUST-0053,PROD-0071,USER-015,Food & Grocery,3,1159.58,487.22,3478.74,0,0.0,3478.74,1461.66,2017.08,57.98,Online,Completed,2025-02-23,Credit Card
ORD-00207,2022-04-18,2022,4,Q2,CUST-0090,PROD-0044,USER-019,Beauty,12,37.19,17.88,446.28,0,0.0,446.28,214.56,231.72,51.92,Wholesale,Completed,2022-04-23,Bank Transfer
ORD-00208,2025-06-06,2025,6,Q2,CUST-0093,PROD-0032,USER-029,Sports,3,54.33,31.77,162.99,0,0.0,162.99,95.31,67.68,41.52,Wholesale,Returned,2025-06-09,Bank Transfer
ORD-00209,2024-03-19,2024,3,Q1,CUST-0009,PROD-0032,USER-003,Sports,19,54.33,31.77,1032.27,10,103.23,929.04,603.63,325.41,35.03,Direct Sales,Completed,2024-03-24,Bank Transfer
ORD-00210,2025-03-06,2025,3,Q1,CUST-0042,PROD-0001,USER-012,Electronics,13,808.7,347.08,10513.1,5,525.65,9987.45,4512.04,5475.41,54.82,Online,Pending,2025-03-09,Bank Transfer
ORD-00211,2025-12-23,2025,12,Q4,CUST-0033,PROD-0044,USER-012,Beauty,12,37.19,17.88,446.28,0,0.0,446.28,214.56,231.72,51.92,Wholesale,Pending,2025-12-26,Bank Transfer
ORD-00212,2025-03-02,2025,3,Q1,CUST-0098,PROD-0001,USER-028,Electronics,5,808.7,347.08,4043.5,0,0.0,4043.5,1735.4,2308.1,57.08,Wholesale,Completed,2025-03-07,Credit Card
ORD-00213,2022-07-19,2022,7,Q3,CUST-0072,PROD-0005,USER-016,Electronics,11,624.79,452.75,6872.69,5,343.63,6529.06,4980.25,1548.81,23.72,Direct Sales,Returned,2022-07-21,Cash
ORD-00214,2024-01-24,2024,1,Q1,CUST-0062,PROD-0020,USER-016,Home & Kitchen,1,484.81,257.88,484.81,0,0.0,484.81,257.88,226.93,46.81,Online,Completed,2024-01-25,PayPal
ORD-00215,2022-11-06,2022,11,Q4,CUST-0093,PROD-0062,USER-012,Automotive,4,405.29,214.44,1621.16,0,0.0,1621.16,857.76,763.4,47.09,Direct Sales,Pending,2022-11-07,Cash
ORD-00216,2025-02-10,2025,2,Q1,CUST-0069,PROD-0014,USER-002,Clothing,20,576.96,261.07,11539.2,15,1730.88,9808.32,5221.4,4586.92,46.77,Online,Completed,2025-02-14,UPI
ORD-00217,2022-09-21,2022,9,Q3,CUST-0094,PROD-0033,USER-017,Books,9,542.28,227.85,4880.52,0,0.0,4880.52,2050.65,2829.87,57.98,Direct Sales,Pending,2022-09-22,PayPal
ORD-00218,2025-08-05,2025,8,Q3,CUST-0063,PROD-0010,USER-014,Clothing,9,295.0,215.33,2655.0,15,398.25,2256.75,1937.97,318.78,14.13,Direct Sales,Pending,2025-08-09,PayPal
ORD-00219,2024-10-28,2024,10,Q4,CUST-0070,PROD-0031,USER-008,Sports,9,821.96,349.77,7397.64,5,369.88,7027.76,3147.93,3879.83,55.21,Retail Store,Completed,2024-10-28,UPI
ORD-00220,2022-08-10,2022,8,Q3,CUST-0035,PROD-0072,USER-013,Food & Grocery,16,395.54,197.77,6328.64,0,0.0,6328.64,3164.32,3164.32,50.0,Direct Sales,Pending,2022-08-14,PayPal
ORD-00221,2025-09-18,2025,9,Q3,CUST-0083,PROD-0079,USER-030,Office Supplies,6,121.72,88.2,730.32,0,0.0,730.32,529.2,201.12,27.54,Online,Returned,2025-09-19,PayPal
ORD-00222,2025-06-07,2025,6,Q2,CUST-0007,PROD-0068,USER-007,Food & Grocery,13,333.98,180.53,4341.74,0,0.0,4341.74,2346.89,1994.85,45.95,Direct Sales,Returned,2025-06-10,Bank Transfer
ORD-00223,2024-12-10,2024,12,Q4,CUST-0063,PROD-0019,USER-010,Home & Kitchen,1,436.67,205.01,436.67,10,43.67,393.0,205.01,187.99,47.83,Direct Sales,Completed,2024-12-15,Credit Card
ORD-00224,2025-02-02,2025,2,Q1,CUST-0073,PROD-0037,USER-011,Books,12,582.25,407.17,6987.0,20,1397.4,5589.6,4886.04,703.56,12.59,Retail Store,Pending,2025-02-07,UPI
ORD-00225,2023-02-04,2023,2,Q1,CUST-0007,PROD-0042,USER-007,Beauty,17,370.28,282.66,6294.76,15,944.21,5350.55,4805.22,545.33,10.19,Retail Store,Returned,2023-02-08,UPI
ORD-00226,2022-09-09,2022,9,Q3,CUST-0050,PROD-0001,USER-029,Electronics,2,808.7,347.08,1617.4,15,242.61,1374.79,694.16,680.63,49.51,Wholesale,Returned,2022-09-13,Cash
ORD-00227,2024-02-20,2024,2,Q1,CUST-0060,PROD-0004,USER-019,Electronics,1,1113.23,494.77,1113.23,15,166.98,946.25,494.77,451.48,47.71,Wholesale,Completed,2024-02-22,PayPal
ORD-00228,2025-04-03,2025,4,Q2,CUST-0006,PROD-0012,USER-019,Clothing,1,151.45,86.05,151.45,15,22.72,128.73,86.05,42.68,33.15,Wholesale,Completed,2025-04-07,Cash
ORD-00229,2024-08-18,2024,8,Q3,CUST-0084,PROD-0034,USER-026,Books,14,528.12,291.78,7393.68,5,369.68,7024.0,4084.92,2939.08,41.84,Direct Sales,Completed,2024-08-21,UPI
ORD-00230,2024-01-18,2024,1,Q1,CUST-0011,PROD-0020,USER-015,Home & Kitchen,14,484.81,257.88,6787.34,0,0.0,6787.34,3610.32,3177.02,46.81,Wholesale,Completed,2024-01-23,UPI
ORD-00231,2023-02-04,2023,2,Q1,CUST-0078,PROD-0048,USER-005,Beauty,1,415.31,206.62,415.31,0,0.0,415.31,206.62,208.69,50.25,Online,Completed,2023-02-09,Credit Card
ORD-00232,2023-03-18,2023,3,Q1,CUST-0051,PROD-0067,USER-006,Food & Grocery,3,245.11,175.08,735.33,20,147.07,588.26,525.24,63.02,10.71,Wholesale,Completed,2023-03-22,Bank Transfer
ORD-00233,2023-12-04,2023,12,Q4,CUST-0038,PROD-0003,USER-028,Electronics,3,777.34,413.48,2332.02,15,349.8,1982.22,1240.44,741.78,37.42,Direct Sales,Returned,2023-12-06,Credit Card
ORD-00234,2025-02-10,2025,2,Q1,CUST-0050,PROD-0052,USER-019,Toys,16,921.9,443.22,14750.4,0,0.0,14750.4,7091.52,7658.88,51.92,Online,Completed,2025-02-13,Bank Transfer
ORD-00235,2025-09-06,2025,9,Q3,CUST-0010,PROD-0009,USER-030,Clothing,17,422.34,281.56,7179.78,0,0.0,7179.78,4786.52,2393.26,33.33,Online,Completed,2025-09-10,UPI
ORD-00236,2025-02-06,2025,2,Q1,CUST-0075,PROD-0022,USER-024,Home & Kitchen,18,316.01,140.45,5688.18,10,568.82,5119.36,2528.1,2591.26,50.62,Online,Completed,2025-02-07,Cash
ORD-00237,2025-07-11,2025,7,Q3,CUST-0084,PROD-0050,USER-027,Toys,4,960.94,417.8,3843.76,10,384.38,3459.38,1671.2,1788.18,51.69,Wholesale,Completed,2025-07-13,UPI
ORD-00238,2025-05-27,2025,5,Q2,CUST-0036,PROD-0071,USER-025,Food & Grocery,11,1159.58,487.22,12755.38,0,0.0,12755.38,5359.42,7395.96,57.98,Retail Store,Returned,2025-05-28,Credit Card
ORD-00239,2025-03-24,2025,3,Q1,CUST-0095,PROD-0055,USER-014,Toys,4,951.05,428.4,3804.2,20,760.84,3043.36,1713.6,1329.76,43.69,Direct Sales,Returned,2025-03-25,Bank Transfer
ORD-00240,2022-12-25,2022,12,Q4,CUST-0005,PROD-0071,USER-013,Food & Grocery,4,1159.58,487.22,4638.32,10,463.83,4174.49,1948.88,2225.61,53.31,Direct Sales,Completed,2022-12-28,Cash
ORD-00241,2022-12-10,2022,12,Q4,CUST-0001,PROD-0062,USER-023,Automotive,20,405.29,214.44,8105.8,15,1215.87,6889.93,4288.8,2601.13,37.75,Online,Completed,2022-12-15,Bank Transfer
ORD-00242,2022-02-06,2022,2,Q1,CUST-0090,PROD-0065,USER-008,Food & Grocery,5,299.41,194.42,1497.05,15,224.56,1272.49,972.1,300.39,23.61,Retail Store,Completed,2022-02-08,Cash
ORD-00243,2023-11-19,2023,11,Q4,CUST-0009,PROD-0010,USER-012,Clothing,12,295.0,215.33,3540.0,15,531.0,3009.0,2583.96,425.04,14.13,Online,Completed,2023-11-24,Bank Transfer
ORD-00244,2025-03-12,2025,3,Q1,CUST-0007,PROD-0017,USER-030,Home & Kitchen,12,864.42,411.63,10373.04,0,0.0,10373.04,4939.56,5433.48,52.38,Wholesale,Completed,2025-03-13,PayPal
ORD-00245,2022-08-22,2022,8,Q3,CUST-0092,PROD-0059,USER-001,Automotive,17,749.92,471.65,12748.64,0,0.0,12748.64,8018.05,4730.59,37.11,Online,Returned,2022-08-24,UPI
ORD-00246,2024-01-14,2024,1,Q1,CUST-0052,PROD-0066,USER-015,Food & Grocery,7,675.08,340.95,4725.56,15,708.83,4016.73,2386.65,1630.08,40.58,Retail Store,Pending,2024-01-15,Bank Transfer
ORD-00247,2022-05-23,2022,5,Q2,CUST-0094,PROD-0064,USER-018,Automotive,17,87.18,45.17,1482.06,10,148.21,1333.85,767.89,565.96,42.43,Retail Store,Completed,2022-05-26,PayPal
ORD-00248,2025-01-06,2025,1,Q1,CUST-0052,PROD-0052,USER-015,Toys,10,921.9,443.22,9219.0,0,0.0,9219.0,4432.2,4786.8,51.92,Retail Store,Pending,2025-01-11,PayPal
ORD-00249,2024-10-19,2024,10,Q4,CUST-0009,PROD-0065,USER-026,Food & Grocery,15,299.41,194.42,4491.15,0,0.0,4491.15,2916.3,1574.85,35.07,Retail Store,Completed,2024-10-24,PayPal
ORD-00250,2022-10-23,2022,10,Q4,CUST-0071,PROD-0019,USER-025,Home & Kitchen,5,436.67,205.01,2183.35,10,218.34,1965.01,1025.05,939.96,47.83,Wholesale,Completed,2022-10-27,Credit Card
ORD-00251,2022-06-07,2022,6,Q2,CUST-0003,PROD-0036,USER-014,Books,10,273.14,160.67,2731.4,0,0.0,2731.4,1606.7,1124.7,41.18,Online,Pending,2022-06-09,Cash
ORD-00252,2023-11-11,2023,11,Q4,CUST-0056,PROD-0063,USER-007,Automotive,14,282.77,164.4,3958.78,10,395.88,3562.9,2301.6,1261.3,35.4,Wholesale,Returned,2023-11-16,Bank Transfer
ORD-00253,2025-09-28,2025,9,Q3,CUST-0045,PROD-0010,USER-018,Clothing,14,295.0,215.33,4130.0,0,0.0,4130.0,3014.62,1115.38,27.01,Wholesale,Completed,2025-09-28,UPI
ORD-00254,2025-12-18,2025,12,Q4,CUST-0064,PROD-0044,USER-025,Beauty,12,37.19,17.88,446.28,0,0.0,446.28,214.56,231.72,51.92,Retail Store,Completed,2025-12-19,PayPal
ORD-00255,2023-11-10,2023,11,Q4,CUST-0096,PROD-0029,USER-012,Sports,14,682.51,346.45,9555.14,15,1433.27,8121.87,4850.3,3271.57,40.28,Wholesale,Completed,2023-11-15,Cash
ORD-00256,2024-12-05,2024,12,Q4,CUST-0100,PROD-0020,USER-016,Home & Kitchen,5,484.81,257.88,2424.05,5,121.2,2302.85,1289.4,1013.45,44.01,Retail Store,Completed,2024-12-10,Credit Card
ORD-00257,2022-02-19,2022,2,Q1,CUST-0042,PROD-0051,USER-010,Toys,3,733.95,495.91,2201.85,20,440.37,1761.48,1487.73,273.75,15.54,Direct Sales,Completed,2022-02-23,Credit Card
ORD-00258,2024-12-24,2024,12,Q4,CUST-0095,PROD-0029,USER-016,Sports,14,682.51,346.45,9555.14,15,1433.27,8121.87,4850.3,3271.57,40.28,Retail Store,Returned,2024-12-28,Bank Transfer
ORD-00259,2025-01-18,2025,1,Q1,CUST-0094,PROD-0033,USER-028,Books,15,542.28,227.85,8134.2,0,0.0,8134.2,3417.75,4716.45,57.98,Direct Sales,Pending,2025-01-21,Cash
ORD-00260,2022-10-11,2022,10,Q4,CUST-0043,PROD-0061,USER-003,Automotive,12,32.27,15.82,387.24,15,58.09,329.15,189.84,139.31,42.32,Online,Completed,2022-10-15,UPI
ORD-00261,2023-08-06,2023,8,Q3,CUST-0085,PROD-0075,USER-017,Office Supplies,14,794.13,431.59,11117.82,10,1111.78,10006.04,6042.26,3963.78,39.61,Online,Pending,2023-08-08,Credit Card
ORD-00262,2022-10-11,2022,10,Q4,CUST-0011,PROD-0013,USER-025,Clothing,11,360.23,238.56,3962.53,0,0.0,3962.53,2624.16,1338.37,33.78,Online,Pending,2022-10-15,Bank Transfer
ORD-00263,2023-10-19,2023,10,Q4,CUST-0053,PROD-0078,USER-024,Office Supplies,13,1018.64,482.77,13242.32,0,0.0,13242.32,6276.01,6966.31,52.61,Retail Store,Pending,2023-10-23,Credit Card
ORD-00264,2022-04-19,2022,4,Q2,CUST-0061,PROD-0045,USER-028,Beauty,11,403.29,163.94,4436.19,15,665.43,3770.76,1803.34,1967.42,52.18,Retail Store,Completed,2022-04-20,PayPal
ORD-00265,2023-04-09,2023,4,Q2,CUST-0067,PROD-0054,USER-022,Toys,13,286.99,163.06,3730.87,0,0.0,3730.87,2119.78,1611.09,43.18,Online,Returned,2023-04-11,Bank Transfer
ORD-00266,2022-11-07,2022,11,Q4,CUST-0058,PROD-0058,USER-025,Automotive,4,891.66,492.63,3566.64,5,178.33,3388.31,1970.52,1417.79,41.84,Wholesale,Completed,2022-11-11,Credit Card
ORD-00267,2025-11-09,2025,11,Q4,CUST-0039,PROD-0058,USER-006,Automotive,12,891.66,492.63,10699.92,10,1069.99,9629.93,5911.56,3718.37,38.61,Online,Completed,2025-11-12,UPI
ORD-00268,2023-10-24,2023,10,Q4,CUST-0063,PROD-0072,USER-017,Food & Grocery,2,395.54,197.77,791.08,0,0.0,791.08,395.54,395.54,50.0,Wholesale,Completed,2023-10-25,UPI
ORD-00269,2025-03-11,2025,3,Q1,CUST-0099,PROD-0051,USER-025,Toys,10,733.95,495.91,7339.5,10,733.95,6605.55,4959.1,1646.45,24.93,Retail Store,Pending,2025-03-14,Bank Transfer
ORD-00270,2022-12-01,2022,12,Q4,CUST-0066,PROD-0003,USER-007,Electronics,3,777.34,413.48,2332.02,5,116.6,2215.42,1240.44,974.98,44.01,Direct Sales,Pending,2022-12-06,UPI
ORD-00271,2022-02-28,2022,2,Q1,CUST-0049,PROD-0022,USER-003,Home & Kitchen,17,316.01,140.45,5372.17,0,0.0,5372.17,2387.65,2984.52,55.56,Wholesale,Returned,2022-02-28,PayPal
ORD-00272,2023-12-20,2023,12,Q4,CUST-0067,PROD-0050,USER-007,Toys,17,960.94,417.8,16335.98,0,0.0,16335.98,7102.6,9233.38,56.52,Wholesale,Completed,2023-12-24,Cash
ORD-00273,2024-04-08,2024,4,Q2,CUST-0009,PROD-0032,USER-018,Sports,4,54.33,31.77,217.32,0,0.0,217.32,127.08,90.24,41.52,Direct Sales,Returned,2024-04-11,Cash
ORD-00274,2022-07-05,2022,7,Q3,CUST-0083,PROD-0050,USER-018,Toys,4,960.94,417.8,3843.76,0,0.0,3843.76,1671.2,2172.56,56.52,Wholesale,Pending,2022-07-10,UPI
ORD-00275,2025-06-17,2025,6,Q2,CUST-0090,PROD-0035,USER-016,Books,17,618.47,381.77,10513.99,15,1577.1,8936.89,6490.09,2446.8,27.38,Wholesale,Completed,2025-06-19,Cash
ORD-00276,2023-04-06,2023,4,Q2,CUST-0010,PROD-0016,USER-015,Clothing,7,1096.0,438.4,7672.0,15,1150.8,6521.2,3068.8,3452.4,52.94,Wholesale,Completed,2023-04-09,Credit Card
ORD-00277,2022-06-18,2022,6,Q2,CUST-0013,PROD-0009,USER-026,Clothing,5,422.34,281.56,2111.7,10,211.17,1900.53,1407.8,492.73,25.93,Online,Returned,2022-06-19,PayPal
ORD-00278,2023-06-22,2023,6,Q2,CUST-0038,PROD-0060,USER-002,Automotive,13,682.05,385.34,8866.65,15,1330.0,7536.65,5009.42,2527.23,33.53,Wholesale,Completed,2023-06-23,Cash
ORD-00279,2022-08-27,2022,8,Q3,CUST-0095,PROD-0009,USER-009,Clothing,13,422.34,281.56,5490.42,20,1098.08,4392.34,3660.28,732.06,16.67,Wholesale,Pending,2022-08-28,PayPal
ORD-00280,2024-08-28,2024,8,Q3,CUST-0041,PROD-0019,USER-004,Home & Kitchen,2,436.67,205.01,873.34,0,0.0,873.34,410.02,463.32,53.05,Online,Returned,2024-08-28,UPI
ORD-00281,2024-06-13,2024,6,Q2,CUST-0032,PROD-0050,USER-022,Toys,12,960.94,417.8,11531.28,0,0.0,11531.28,5013.6,6517.68,56.52,Online,Returned,2024-06-17,PayPal
ORD-00282,2025-02-10,2025,2,Q1,CUST-0032,PROD-0037,USER-020,Books,3,582.25,407.17,1746.75,5,87.34,1659.41,1221.51,437.9,26.39,Direct Sales,Completed,2025-02-11,Credit Card
ORD-00283,2024-04-16,2024,4,Q2,CUST-0014,PROD-0033,USER-011,Books,10,542.28,227.85,5422.8,5,271.14,5151.66,2278.5,2873.16,55.77,Direct Sales,Completed,2024-04-19,Bank Transfer
ORD-00284,2025-12-04,2025,12,Q4,CUST-0005,PROD-0041,USER-028,Beauty,16,678.82,396.97,10861.12,0,0.0,10861.12,6351.52,4509.6,41.52,Direct Sales,Completed,2025-12-07,Cash
ORD-00285,2025-08-13,2025,8,Q3,CUST-0020,PROD-0054,USER-004,Toys,13,286.99,163.06,3730.87,0,0.0,3730.87,2119.78,1611.09,43.18,Wholesale,Returned,2025-08-15,Credit Card
ORD-00286,2022-10-23,2022,10,Q4,CUST-0002,PROD-0031,USER-026,Sports,13,821.96,349.77,10685.48,5,534.27,10151.21,4547.01,5604.2,55.21,Wholesale,Completed,2022-10-26,UPI
ORD-00287,2025-10-10,2025,10,Q4,CUST-0097,PROD-0010,USER-008,Clothing,13,295.0,215.33,3835.0,0,0.0,3835.0,2799.29,1035.71,27.01,Wholesale,Returned,2025-10-14,Bank Transfer
ORD-00288,2025-11-18,2025,11,Q4,CUST-0002,PROD-0016,USER-007,Clothing,16,1096.0,438.4,17536.0,20,3507.2,14028.8,7014.4,7014.4,50.0,Retail Store,Completed,2025-11-22,Bank Transfer
ORD-00289,2025-04-17,2025,4,Q2,CUST-0019,PROD-0017,USER-018,Home & Kitchen,1,864.42,411.63,864.42,0,0.0,864.42,411.63,452.79,52.38,Retail Store,Completed,2025-04-18,PayPal
ORD-00290,2024-02-09,2024,2,Q1,CUST-0077,PROD-0018,USER-027,Home & Kitchen,20,692.73,487.84,13854.6,10,1385.46,12469.14,9756.8,2712.34,21.75,Direct Sales,Returned,2024-02-14,Cash
ORD-00291,2024-08-13,2024,8,Q3,CUST-0034,PROD-0005,USER-029,Electronics,7,624.79,452.75,4373.53,20,874.71,3498.82,3169.25,329.57,9.42,Wholesale,Pending,2024-08-18,PayPal
ORD-00292,2023-02-19,2023,2,Q1,CUST-0010,PROD-0046,USER-001,Beauty,2,279.57,154.46,559.14,0,0.0,559.14,308.92,250.22,44.75,Retail Store,Returned,2023-02-24,Credit Card
ORD-00293,2025-11-03,2025,11,Q4,CUST-0064,PROD-0014,USER-028,Clothing,6,576.96,261.07,3461.76,15,519.26,2942.5,1566.42,1376.08,46.77,Retail Store,Pending,2025-11-04,Bank Transfer
ORD-00294,2024-01-06,2024,1,Q1,CUST-0060,PROD-0074,USER-030,Office Supplies,9,717.96,478.64,6461.64,0,0.0,6461.64,4307.76,2153.88,33.33,Direct Sales,Completed,2024-01-09,UPI
ORD-00295,2024-03-21,2024,3,Q1,CUST-0002,PROD-0008,USER-004,Electronics,12,824.83,499.9,9897.96,20,1979.59,7918.37,5998.8,1919.57,24.24,Wholesale,Completed,2024-03-22,Bank Transfer
ORD-00296,2024-09-01,2024,9,Q3,CUST-0025,PROD-0037,USER-007,Books,16,582.25,407.17,9316.0,0,0.0,9316.0,6514.72,2801.28,30.07,Retail Store,Completed,2024-09-04,Cash
ORD-00297,2024-04-16,2024,4,Q2,CUST-0053,PROD-0015,USER-027,Clothing,5,274.31,209.4,1371.55,10,137.16,1234.39,1047.0,187.39,15.18,Retail Store,Completed,2024-04-19,PayPal
ORD-00298,2024-02-12,2024,2,Q1,CUST-0027,PROD-0004,USER-005,Electronics,15,1113.23,494.77,16698.45,10,1669.85,15028.6,7421.55,7607.05,50.62,Online,Returned,2024-02-14,Cash
ORD-00299,2023-05-23,2023,5,Q2,CUST-0016,PROD-0073,USER-001,Office Supplies,15,95.67,73.03,1435.05,15,215.26,1219.79,1095.45,124.34,10.19,Wholesale,Pending,2023-05-24,PayPal
ORD-00300,2023-10-08,2023,10,Q4,CUST-0073,PROD-0010,USER-014,Clothing,4,295.0,215.33,1180.0,0,0.0,1180.0,861.32,318.68,27.01,Wholesale,Completed,2023-10-09,UPI
ORD-00301,2022-02-28,2022,2,Q1,CUST-0089,PROD-0004,USER-017,Electronics,8,1113.23,494.77,8905.84,0,0.0,8905.84,3958.16,4947.68,55.56,Wholesale,Completed,2022-02-28,Bank Transfer
ORD-00302,2023-12-21,2023,12,Q4,CUST-0015,PROD-0060,USER-002,Automotive,12,682.05,385.34,8184.6,0,0.0,8184.6,4624.08,3560.52,43.5,Retail Store,Returned,2023-12-24,Cash
ORD-00303,2022-01-20,2022,1,Q1,CUST-0050,PROD-0015,USER-024,Clothing,12,274.31,209.4,3291.72,20,658.34,2633.38,2512.8,120.58,4.58,Wholesale,Completed,2022-01-21,Credit Card
ORD-00304,2025-08-07,2025,8,Q3,CUST-0015,PROD-0076,USER-019,Office Supplies,5,407.85,188.82,2039.25,20,407.85,1631.4,944.1,687.3,42.13,Wholesale,Pending,2025-08-11,Bank Transfer
ORD-00305,2025-09-15,2025,9,Q3,CUST-0092,PROD-0080,USER-013,Office Supplies,19,618.25,277.24,11746.75,0,0.0,11746.75,5267.56,6479.19,55.16,Online,Returned,2025-09-18,Bank Transfer
ORD-00306,2022-05-20,2022,5,Q2,CUST-0014,PROD-0062,USER-014,Automotive,9,405.29,214.44,3647.61,15,547.14,3100.47,1929.96,1170.51,37.75,Online,Completed,2022-05-21,PayPal
ORD-00307,2023-10-20,2023,10,Q4,CUST-0051,PROD-0008,USER-010,Electronics,19,824.83,499.9,15671.77,10,1567.18,14104.59,9498.1,4606.49,32.66,Wholesale,Completed,2023-10-24,PayPal
ORD-00308,2023-02-09,2023,2,Q1,CUST-0075,PROD-0037,USER-019,Books,18,582.25,407.17,10480.5,10,1048.05,9432.45,7329.06,2103.39,22.3,Wholesale,Completed,2023-02-13,Cash
ORD-00309,2024-08-06,2024,8,Q3,CUST-0042,PROD-0058,USER-001,Automotive,1,891.66,492.63,891.66,5,44.58,847.08,492.63,354.45,41.84,Wholesale,Returned,2024-08-09,PayPal
ORD-00310,2023-01-10,2023,1,Q1,CUST-0050,PROD-0043,USER-001,Beauty,15,100.66,59.21,1509.9,15,226.49,1283.41,888.15,395.26,30.8,Direct Sales,Pending,2023-01-12,Credit Card
ORD-00311,2024-06-09,2024,6,Q2,CUST-0030,PROD-0007,USER-006,Electronics,4,870.29,420.43,3481.16,5,174.06,3307.1,1681.72,1625.38,49.15,Direct Sales,Completed,2024-06-12,Credit Card
ORD-00312,2023-12-17,2023,12,Q4,CUST-0062,PROD-0007,USER-027,Electronics,16,870.29,420.43,13924.64,15,2088.7,11835.94,6726.88,5109.06,43.17,Wholesale,Returned,2023-12-21,Credit Card
ORD-00313,2023-05-05,2023,5,Q2,CUST-0071,PROD-0064,USER-014,Automotive,2,87.18,45.17,174.36,0,0.0,174.36,90.34,84.02,48.19,Retail Store,Pending,2023-05-10,UPI
ORD-00314,2025-03-16,2025,3,Q1,CUST-0053,PROD-0046,USER-007,Beauty,4,279.57,154.46,1118.28,0,0.0,1118.28,617.84,500.44,44.75,Online,Completed,2025-03-19,Bank Transfer
ORD-00315,2023-11-21,2023,11,Q4,CUST-0057,PROD-0005,USER-013,Electronics,15,624.79,452.75,9371.85,10,937.18,8434.67,6791.25,1643.42,19.48,Online,Completed,2023-11-26,Credit Card
ORD-00316,2023-07-19,2023,7,Q3,CUST-0083,PROD-0034,USER-002,Books,5,528.12,291.78,2640.6,0,0.0,2640.6,1458.9,1181.7,44.75,Direct Sales,Returned,2023-07-22,Bank Transfer
ORD-00317,2025-10-06,2025,10,Q4,CUST-0039,PROD-0058,USER-023,Automotive,5,891.66,492.63,4458.3,5,222.91,4235.39,2463.15,1772.24,41.84,Online,Pending,2025-10-10,Bank Transfer
ORD-00318,2023-01-05,2023,1,Q1,CUST-0034,PROD-0007,USER-020,Electronics,3,870.29,420.43,2610.87,0,0.0,2610.87,1261.29,1349.58,51.69,Direct Sales,Completed,2023-01-09,UPI
ORD-00319,2025-12-07,2025,12,Q4,CUST-0030,PROD-0063,USER-021,Automotive,4,282.77,164.4,1131.08,10,113.11,1017.97,657.6,360.37,35.4,Direct Sales,Returned,2025-12-10,Credit Card
ORD-00320,2024-03-24,2024,3,Q1,CUST-0010,PROD-0002,USER-004,Electronics,17,320.22,163.38,5443.74,20,1088.75,4354.99,2777.46,1577.53,36.22,Direct Sales,Completed,2024-03-28,Cash
ORD-00321,2023-06-17,2023,6,Q2,CUST-0008,PROD-0029,USER-021,Sports,6,682.51,346.45,4095.06,0,0.0,4095.06,2078.7,2016.36,49.24,Wholesale,Pending,2023-06-20,Bank Transfer
ORD-00322,2025-09-23,2025,9,Q3,CUST-0023,PROD-0078,USER-012,Office Supplies,12,1018.64,482.77,12223.68,10,1222.37,11001.31,5793.24,5208.07,47.34,Direct Sales,Returned,2025-09-28,UPI
ORD-00323,2022-08-05,2022,8,Q3,CUST-0094,PROD-0048,USER-024,Beauty,9,415.31,206.62,3737.79,5,186.89,3550.9,1859.58,1691.32,47.63,Direct Sales,Returned,2022-08-06,Cash
ORD-00324,2024-07-03,2024,7,Q3,CUST-0068,PROD-0016,USER-021,Clothing,19,1096.0,438.4,20824.0,10,2082.4,18741.6,8329.6,10412.0,55.56,Retail Store,Completed,2024-07-04,Cash
ORD-00325,2023-12-24,2023,12,Q4,CUST-0047,PROD-0043,USER-019,Beauty,4,100.66,59.21,402.64,0,0.0,402.64,236.84,165.8,41.18,Retail Store,Pending,2023-12-27,Credit Card
ORD-00326,2025-10-06,2025,10,Q4,CUST-0067,PROD-0051,USER-003,Toys,5,733.95,495.91,3669.75,0,0.0,3669.75,2479.55,1190.2,32.43,Wholesale,Returned,2025-10-08,Bank Transfer
ORD-00327,2024-02-01,2024,2,Q1,CUST-0090,PROD-0060,USER-006,Automotive,19,682.05,385.34,12958.95,0,0.0,12958.95,7321.46,5637.49,43.5,Wholesale,Completed,2024-02-04,Credit Card
ORD-00328,2023-04-17,2023,4,Q2,CUST-0094,PROD-0050,USER-014,Toys,7,960.94,417.8,6726.58,15,1008.99,5717.59,2924.6,2792.99,48.85,Online,Completed,2023-04-22,UPI
ORD-00329,2025-12-14,2025,12,Q4,CUST-0073,PROD-0061,USER-023,Automotive,20,32.27,15.82,645.4,0,0.0,645.4,316.4,329.0,50.98,Online,Returned,2025-12-19,Cash
ORD-00330,2024-03-25,2024,3,Q1,CUST-0009,PROD-0019,USER-026,Home & Kitchen,2,436.67,205.01,873.34,20,174.67,698.67,410.02,288.65,41.31,Direct Sales,Completed,2024-03-28,UPI
ORD-00331,2024-02-28,2024,2,Q1,CUST-0087,PROD-0050,USER-027,Toys,15,960.94,417.8,14414.1,5,720.71,13693.39,6267.0,7426.39,54.23,Retail Store,Pending,2024-02-28,PayPal
ORD-00332,2024-05-15,2024,5,Q2,CUST-0042,PROD-0072,USER-030,Food & Grocery,8,395.54,197.77,3164.32,15,474.65,2689.67,1582.16,1107.51,41.18,Direct Sales,Completed,2024-05-16,Bank Transfer
ORD-00333,2022-07-13,2022,7,Q3,CUST-0067,PROD-0028,USER-002,Sports,8,946.94,426.55,7575.52,10,757.55,6817.97,3412.4,3405.57,49.95,Direct Sales,Completed,2022-07-16,UPI
ORD-00334,2025-07-28,2025,7,Q3,CUST-0055,PROD-0047,USER-009,Beauty,5,600.87,269.45,3004.35,20,600.87,2403.48,1347.25,1056.23,43.95,Online,Completed,2025-07-28,Cash
ORD-00335,2023-12-23,2023,12,Q4,CUST-0025,PROD-0053,USER-026,Toys,11,510.65,378.26,5617.15,0,0.0,5617.15,4160.86,1456.29,25.93,Direct Sales,Completed,2023-12-26,Bank Transfer
ORD-00336,2024-01-28,2024,1,Q1,CUST-0003,PROD-0069,USER-001,Food & Grocery,18,273.51,181.13,4923.18,10,492.32,4430.86,3260.34,1170.52,26.42,Online,Pending,2024-01-28,Bank Transfer
ORD-00337,2023-11-17,2023,11,Q4,CUST-0077,PROD-0047,USER-009,Beauty,17,600.87,269.45,10214.79,0,0.0,10214.79,4580.65,5634.14,55.16,Wholesale,Completed,2023-11-18,Credit Card
ORD-00338,2025-11-22,2025,11,Q4,CUST-0070,PROD-0017,USER-010,Home & Kitchen,2,864.42,411.63,1728.84,0,0.0,1728.84,823.26,905.58,52.38,Retail Store,Completed,2025-11-25,PayPal
ORD-00339,2023-02-07,2023,2,Q1,CUST-0067,PROD-0024,USER-010,Home & Kitchen,10,704.05,388.98,7040.5,10,704.05,6336.45,3889.8,2446.65,38.61,Direct Sales,Completed,2023-02-08,Bank Transfer
ORD-00340,2023-09-10,2023,9,Q3,CUST-0100,PROD-0062,USER-002,Automotive,5,405.29,214.44,2026.45,0,0.0,2026.45,1072.2,954.25,47.09,Online,Completed,2023-09-11,UPI
ORD-00341,2024-09-01,2024,9,Q3,CUST-0041,PROD-0026,USER-017,Sports,4,280.63,148.48,1122.52,15,168.38,954.14,593.92,360.22,37.75,Retail Store,Pending,2024-09-02,UPI
ORD-00342,2022-12-07,2022,12,Q4,CUST-0087,PROD-0040,USER-025,Books,13,361.93,199.96,4705.09,0,0.0,4705.09,2599.48,2105.61,44.75,Direct Sales,Pending,2022-12-08,Bank Transfer
ORD-00343,2025-05-09,2025,5,Q2,CUST-0077,PROD-0004,USER-027,Electronics,5,1113.23,494.77,5566.15,20,1113.23,4452.92,2473.85,1979.07,44.44,Online,Completed,2025-05-14,PayPal
ORD-00344,2025-02-23,2025,2,Q1,CUST-0021,PROD-0015,USER-002,Clothing,9,274.31,209.4,2468.79,0,0.0,2468.79,1884.6,584.19,23.66,Retail Store,Returned,2025-02-26,PayPal
ORD-00345,2022-10-14,2022,10,Q4,CUST-0018,PROD-0037,USER-004,Books,14,582.25,407.17,8151.5,5,407.57,7743.93,5700.38,2043.55,26.39,Direct Sales,Completed,2022-10-18,Bank Transfer
ORD-00346,2024-03-11,2024,3,Q1,CUST-0092,PROD-0028,USER-006,Sports,10,946.94,426.55,9469.4,0,0.0,9469.4,4265.5,5203.9,54.95,Retail Store,Completed,2024-03-16,Cash
ORD-00347,2025-01-06,2025,1,Q1,CUST-0018,PROD-0042,USER-027,Beauty,19,370.28,282.66,7035.32,10,703.53,6331.79,5370.54,961.25,15.18,Retail Store,Completed,2025-01-10,UPI
ORD-00348,2025-04-15,2025,4,Q2,CUST-0018,PROD-0066,USER-023,Food & Grocery,6,675.08,340.95,4050.48,5,202.52,3847.96,2045.7,1802.26,46.84,Direct Sales,Returned,2025-04-16,Cash
ORD-00349,2022-08-11,2022,8,Q3,CUST-0095,PROD-0079,USER-001,Office Supplies,14,121.72,88.2,1704.08,10,170.41,1533.67,1234.8,298.87,19.49,Online,Pending,2022-08-13,PayPal
ORD-00350,2025-08-06,2025,8,Q3,CUST-0067,PROD-0021,USER-026,Home & Kitchen,18,121.0,56.28,2178.0,15,326.7,1851.3,1013.04,838.26,45.28,Retail Store,Completed,2025-08-08,Cash
ORD-00351,2022-10-15,2022,10,Q4,CUST-0067,PROD-0057,USER-022,Automotive,9,994.69,438.19,8952.21,0,0.0,8952.21,3943.71,5008.5,55.95,Retail Store,Pending,2022-10-17,Credit Card
ORD-00352,2025-10-13,2025,10,Q4,CUST-0077,PROD-0080,USER-005,Office Supplies,11,618.25,277.24,6800.75,15,1020.11,5780.64,3049.64,2731.0,47.24,Retail Store,Returned,2025-10-18,PayPal
ORD-00353,2022-02-09,2022,2,Q1,CUST-0069,PROD-0007,USER-003,Electronics,10,870.29,420.43,8702.9,10,870.29,7832.61,4204.3,3628.31,46.32,Retail Store,Returned,2022-02-10,Credit Card
ORD-00354,2022-10-06,2022,10,Q4,CUST-0062,PROD-0057,USER-024,Automotive,6,994.69,438.19,5968.14,10,596.81,5371.33,2629.14,2742.19,51.05,Direct Sales,Completed,2022-10-08,Cash
ORD-00355,2025-04-19,2025,4,Q2,CUST-0028,PROD-0070,USER-007,Food & Grocery,5,313.6,179.2,1568.0,0,0.0,1568.0,896.0,672.0,42.86,Direct Sales,Completed,2025-04-24,Bank Transfer
ORD-00356,2025-06-03,2025,6,Q2,CUST-0070,PROD-0046,USER-019,Beauty,1,279.57,154.46,279.57,10,27.96,251.61,154.46,97.15,38.61,Online,Returned,2025-06-06,PayPal
ORD-00357,2024-05-14,2024,5,Q2,CUST-0019,PROD-0031,USER-016,Sports,18,821.96,349.77,14795.28,20,2959.06,11836.22,6295.86,5540.36,46.81,Direct Sales,Returned,2024-05-19,UPI
ORD-00358,2025-02-20,2025,2,Q1,CUST-0078,PROD-0044,USER-009,Beauty,20,37.19,17.88,743.8,5,37.19,706.61,357.6,349.01,49.39,Direct Sales,Completed,2025-02-22,Cash
ORD-00359,2025-12-03,2025,12,Q4,CUST-0018,PROD-0075,USER-030,Office Supplies,8,794.13,431.59,6353.04,0,0.0,6353.04,3452.72,2900.32,45.65,Online,Completed,2025-12-06,PayPal
ORD-00360,2024-02-06,2024,2,Q1,CUST-0050,PROD-0060,USER-018,Automotive,6,682.05,385.34,4092.3,0,0.0,4092.3,2312.04,1780.26,43.5,Retail Store,Completed,2024-02-09,Credit Card
ORD-00361,2023-01-16,2023,1,Q1,CUST-0031,PROD-0072,USER-001,Food & Grocery,9,395.54,197.77,3559.86,15,533.98,3025.88,1779.93,1245.95,41.18,Online,Pending,2023-01-19,Credit Card
ORD-00362,2023-04-12,2023,4,Q2,CUST-0084,PROD-0070,USER-021,Food & Grocery,3,313.6,179.2,940.8,0,0.0,940.8,537.6,403.2,42.86,Retail Store,Completed,2023-04-15,Bank Transfer
ORD-00363,2023-10-27,2023,10,Q4,CUST-0025,PROD-0050,USER-007,Toys,5,960.94,417.8,4804.7,0,0.0,4804.7,2089.0,2715.7,56.52,Retail Store,Completed,2023-10-28,Credit Card
ORD-00364,2022-06-24,2022,6,Q2,CUST-0039,PROD-0019,USER-026,Home & Kitchen,11,436.67,205.01,4803.37,20,960.67,3842.7,2255.11,1587.59,41.31,Direct Sales,Completed,2022-06-28,Cash
ORD-00365,2025-04-24,2025,4,Q2,CUST-0007,PROD-0024,USER-030,Home & Kitchen,18,704.05,388.98,12672.9,0,0.0,12672.9,7001.64,5671.26,44.75,Direct Sales,Completed,2025-04-26,Credit Card
ORD-00366,2022-12-17,2022,12,Q4,CUST-0073,PROD-0008,USER-030,Electronics,12,824.83,499.9,9897.96,10,989.8,8908.16,5998.8,2909.36,32.66,Direct Sales,Pending,2022-12-19,UPI
ORD-00367,2025-03-22,2025,3,Q1,CUST-0049,PROD-0026,USER-011,Sports,3,280.63,148.48,841.89,0,0.0,841.89,445.44,396.45,47.09,Retail Store,Completed,2025-03-26,Bank Transfer
ORD-00368,2023-03-10,2023,3,Q1,CUST-0002,PROD-0044,USER-016,Beauty,19,37.19,17.88,706.61,20,141.32,565.29,339.72,225.57,39.9,Retail Store,Completed,2023-03-15,Credit Card
ORD-00369,2022-12-18,2022,12,Q4,CUST-0006,PROD-0030,USER-030,Sports,18,547.13,279.15,9848.34,5,492.42,9355.92,5024.7,4331.22,46.29,Online,Pending,2022-12-21,PayPal
ORD-00370,2024-02-03,2024,2,Q1,CUST-0079,PROD-0060,USER-020,Automotive,6,682.05,385.34,4092.3,0,0.0,4092.3,2312.04,1780.26,43.5,Retail Store,Completed,2024-02-07,Cash
ORD-00371,2024-03-05,2024,3,Q1,CUST-0058,PROD-0034,USER-021,Books,7,528.12,291.78,3696.84,0,0.0,3696.84,2042.46,1654.38,44.75,Wholesale,Pending,2024-03-09,PayPal
ORD-00372,2022-10-11,2022,10,Q4,CUST-0072,PROD-0042,USER-019,Beauty,6,370.28,282.66,2221.68,5,111.08,2110.6,1695.96,414.64,19.65,Direct Sales,Pending,2022-10-12,Bank Transfer
ORD-00373,2022-05-05,2022,5,Q2,CUST-0071,PROD-0004,USER-010,Electronics,8,1113.23,494.77,8905.84,0,0.0,8905.84,3958.16,4947.68,55.56,Wholesale,Completed,2022-05-08,UPI
ORD-00374,2023-11-24,2023,11,Q4,CUST-0002,PROD-0054,USER-001,Toys,1,286.99,163.06,286.99,20,57.4,229.59,163.06,66.53,28.98,Wholesale,Completed,2023-11-28,UPI
ORD-00375,2025-09-17,2025,9,Q3,CUST-0089,PROD-0034,USER-007,Books,7,528.12,291.78,3696.84,20,739.37,2957.47,2042.46,915.01,30.94,Retail Store,Completed,2025-09-19,UPI
ORD-00376,2022-02-12,2022,2,Q1,CUST-0033,PROD-0024,USER-010,Home & Kitchen,15,704.05,388.98,10560.75,0,0.0,10560.75,5834.7,4726.05,44.75,Retail Store,Completed,2022-02-13,Bank Transfer
ORD-00377,2025-03-13,2025,3,Q1,CUST-0053,PROD-0080,USER-013,Office Supplies,8,618.25,277.24,4946.0,0,0.0,4946.0,2217.92,2728.08,55.16,Wholesale,Pending,2025-03-14,Bank Transfer
ORD-00378,2025-03-04,2025,3,Q1,CUST-0088,PROD-0042,USER-001,Beauty,6,370.28,282.66,2221.68,10,222.17,1999.51,1695.96,303.55,15.18,Direct Sales,Completed,2025-03-06,UPI
ORD-00379,2025-03-17,2025,3,Q1,CUST-0031,PROD-0011,USER-023,Clothing,9,189.57,111.51,1706.13,10,170.61,1535.52,1003.59,531.93,34.64,Retail Store,Completed,2025-03-19,Bank Transfer
ORD-00380,2025-12-08,2025,12,Q4,CUST-0096,PROD-0007,USER-016,Electronics,13,870.29,420.43,11313.77,10,1131.38,10182.39,5465.59,4716.8,46.32,Online,Completed,2025-12-10,UPI
ORD-00381,2023-04-21,2023,4,Q2,CUST-0063,PROD-0056,USER-021,Toys,19,378.73,192.25,7195.87,15,1079.38,6116.49,3652.75,2463.74,40.28,Online,Pending,2023-04-25,Cash
ORD-00382,2022-04-22,2022,4,Q2,CUST-0003,PROD-0036,USER-002,Books,12,273.14,160.67,3277.68,10,327.77,2949.91,1928.04,1021.87,34.64,Online,Completed,2022-04-25,Bank Transfer
ORD-00383,2024-05-24,2024,5,Q2,CUST-0057,PROD-0075,USER-016,Office Supplies,16,794.13,431.59,12706.08,0,0.0,12706.08,6905.44,5800.64,45.65,Wholesale,Completed,2024-05-27,Cash
ORD-00384,2024-11-06,2024,11,Q4,CUST-0041,PROD-0014,USER-024,Clothing,13,576.96,261.07,7500.48,0,0.0,7500.48,3393.91,4106.57,54.75,Wholesale,Completed,2024-11-11,Credit Card
ORD-00385,2023-02-21,2023,2,Q1,CUST-0083,PROD-0050,USER-013,Toys,16,960.94,417.8,15375.04,20,3075.01,12300.03,6684.8,5615.23,45.65,Online,Completed,2023-02-24,Cash
ORD-00386,2023-06-14,2023,6,Q2,CUST-0080,PROD-0028,USER-015,Sports,11,946.94,426.55,10416.34,5,520.82,9895.52,4692.05,5203.47,52.58,Online,Completed,2023-06-17,Credit Card
ORD-00387,2025-11-13,2025,11,Q4,CUST-0078,PROD-0018,USER-029,Home & Kitchen,6,692.73,487.84,4156.38,5,207.82,3948.56,2927.04,1021.52,25.87,Online,Pending,2025-11-17,Cash
ORD-00388,2024-05-21,2024,5,Q2,CUST-0073,PROD-0014,USER-024,Clothing,7,576.96,261.07,4038.72,5,201.94,3836.78,1827.49,2009.29,52.37,Wholesale,Completed,2024-05-22,Cash
ORD-00389,2024-10-20,2024,10,Q4,CUST-0022,PROD-0020,USER-024,Home & Kitchen,2,484.81,257.88,969.62,0,0.0,969.62,515.76,453.86,46.81,Online,Pending,2024-10-22,PayPal
ORD-00390,2024-05-26,2024,5,Q2,CUST-0091,PROD-0054,USER-025,Toys,5,286.99,163.06,1434.95,0,0.0,1434.95,815.3,619.65,43.18,Online,Returned,2024-05-28,PayPal
ORD-00391,2022-11-19,2022,11,Q4,CUST-0084,PROD-0042,USER-009,Beauty,5,370.28,282.66,1851.4,20,370.28,1481.12,1413.3,67.82,4.58,Direct Sales,Returned,2022-11-24,Bank Transfer
ORD-00392,2025-08-10,2025,8,Q3,CUST-0068,PROD-0011,USER-025,Clothing,10,189.57,111.51,1895.7,0,0.0,1895.7,1115.1,780.6,41.18,Wholesale,Pending,2025-08-12,Bank Transfer
ORD-00393,2024-10-03,2024,10,Q4,CUST-0058,PROD-0065,USER-010,Food & Grocery,2,299.41,194.42,598.82,10,59.88,538.94,388.84,150.1,27.85,Retail Store,Pending,2024-10-08,UPI
ORD-00394,2023-01-21,2023,1,Q1,CUST-0028,PROD-0011,USER-022,Clothing,3,189.57,111.51,568.71,0,0.0,568.71,334.53,234.18,41.18,Direct Sales,Pending,2023-01-25,PayPal
ORD-00395,2022-11-02,2022,11,Q4,CUST-0070,PROD-0012,USER-026,Clothing,2,151.45,86.05,302.9,5,15.14,287.76,172.1,115.66,40.19,Retail Store,Returned,2022-11-05,UPI
ORD-00396,2024-08-28,2024,8,Q3,CUST-0001,PROD-0063,USER-028,Automotive,7,282.77,164.4,1979.39,20,395.88,1583.51,1150.8,432.71,27.33,Online,Returned,2024-08-28,Bank Transfer
ORD-00397,2023-04-23,2023,4,Q2,CUST-0040,PROD-0002,USER-020,Electronics,9,320.22,163.38,2881.98,0,0.0,2881.98,1470.42,1411.56,48.98,Online,Completed,2023-04-26,Cash
ORD-00398,2025-07-19,2025,7,Q3,CUST-0056,PROD-0005,USER-022,Electronics,13,624.79,452.75,8122.27,0,0.0,8122.27,5885.75,2236.52,27.54,Direct Sales,Pending,2025-07-20,PayPal
ORD-00399,2022-10-04,2022,10,Q4,CUST-0041,PROD-0002,USER-014,Electronics,17,320.22,163.38,5443.74,0,0.0,5443.74,2777.46,2666.28,48.98,Wholesale,Completed,2022-10-06,Cash
ORD-00400,2023-06-15,2023,6,Q2,CUST-0090,PROD-0055,USER-030,Toys,12,951.05,428.4,11412.6,20,2282.52,9130.08,5140.8,3989.28,43.69,Retail Store,Completed,2023-06-19,PayPal
ORD-00401,2024-06-01,2024,6,Q2,CUST-0099,PROD-0007,USER-015,Electronics,18,870.29,420.43,15665.22,15,2349.78,13315.44,7567.74,5747.7,43.17,Online,Pending,2024-06-04,Credit Card
ORD-00402,2023-01-01,2023,1,Q1,CUST-0032,PROD-0075,USER-009,Office Supplies,17,794.13,431.59,13500.21,10,1350.02,12150.19,7337.03,4813.16,39.61,Retail Store,Completed,2023-01-03,Bank Transfer
ORD-00403,2025-12-08,2025,12,Q4,CUST-0015,PROD-0065,USER-004,Food & Grocery,10,299.41,194.42,2994.1,0,0.0,2994.1,1944.2,1049.9,35.07,Wholesale,Completed,2025-12-12,Bank Transfer
ORD-00404,2023-04-04,2023,4,Q2,CUST-0006,PROD-0012,USER-011,Clothing,15,151.45,86.05,2271.75,0,0.0,2271.75,1290.75,981.0,43.18,Wholesale,Completed,2023-04-09,Bank Transfer
ORD-00405,2023-02-13,2023,2,Q1,CUST-0053,PROD-0078,USER-016,Office Supplies,11,1018.64,482.77,11205.04,20,2241.01,8964.03,5310.47,3653.56,40.76,Direct Sales,Completed,2023-02-16,UPI
ORD-00406,2023-02-21,2023,2,Q1,CUST-0063,PROD-0079,USER-023,Office Supplies,1,121.72,88.2,121.72,0,0.0,121.72,88.2,33.52,27.54,Wholesale,Completed,2023-02-23,UPI
ORD-00407,2025-05-23,2025,5,Q2,CUST-0036,PROD-0049,USER-007,Toys,19,227.61,106.86,4324.59,5,216.23,4108.36,2030.34,2078.02,50.58,Wholesale,Completed,2025-05-27,Cash
ORD-00408,2022-07-01,2022,7,Q3,CUST-0003,PROD-0037,USER-014,Books,14,582.25,407.17,8151.5,15,1222.72,6928.78,5700.38,1228.4,17.73,Direct Sales,Returned,2022-07-06,UPI
ORD-00409,2022-08-21,2022,8,Q3,CUST-0087,PROD-0037,USER-008,Books,17,582.25,407.17,9898.25,0,0.0,9898.25,6921.89,2976.36,30.07,Retail Store,Completed,2022-08-26,UPI
ORD-00410,2025-01-09,2025,1,Q1,CUST-0074,PROD-0007,USER-013,Electronics,11,870.29,420.43,9573.19,20,1914.64,7658.55,4624.73,3033.82,39.61,Retail Store,Completed,2025-01-14,Credit Card
ORD-00411,2024-04-07,2024,4,Q2,CUST-0099,PROD-0041,USER-027,Beauty,15,678.82,396.97,10182.3,20,2036.46,8145.84,5954.55,2191.29,26.9,Online,Completed,2024-04-10,Credit Card
ORD-00412,2022-05-16,2022,5,Q2,CUST-0019,PROD-0012,USER-020,Clothing,12,151.45,86.05,1817.4,10,181.74,1635.66,1032.6,603.06,36.87,Direct Sales,Pending,2022-05-19,Cash
ORD-00413,2023-06-19,2023,6,Q2,CUST-0039,PROD-0008,USER-016,Electronics,20,824.83,499.9,16496.6,0,0.0,16496.6,9998.0,6498.6,39.39,Online,Completed,2023-06-23,UPI
ORD-00414,2022-02-15,2022,2,Q1,CUST-0044,PROD-0028,USER-015,Sports,1,946.94,426.55,946.94,20,189.39,757.55,426.55,331.0,43.69,Wholesale,Returned,2022-02-19,PayPal
ORD-00415,2022-11-01,2022,11,Q4,CUST-0037,PROD-0025,USER-025,Sports,1,972.91,498.93,972.91,0,0.0,972.91,498.93,473.98,48.72,Direct Sales,Completed,2022-11-05,Cash
ORD-00416,2024-12-12,2024,12,Q4,CUST-0014,PROD-0004,USER-018,Electronics,1,1113.23,494.77,1113.23,0,0.0,1113.23,494.77,618.46,55.56,Online,Completed,2024-12-17,Cash
ORD-00417,2024-11-11,2024,11,Q4,CUST-0020,PROD-0052,USER-020,Toys,3,921.9,443.22,2765.7,15,414.86,2350.84,1329.66,1021.18,43.44,Online,Pending,2024-11-13,UPI
ORD-00418,2025-06-05,2025,6,Q2,CUST-0053,PROD-0075,USER-013,Office Supplies,16,794.13,431.59,12706.08,20,2541.22,10164.86,6905.44,3259.42,32.07,Online,Returned,2025-06-06,Bank Transfer
ORD-00419,2025-09-05,2025,9,Q3,CUST-0011,PROD-0072,USER-024,Food & Grocery,8,395.54,197.77,3164.32,10,316.43,2847.89,1582.16,1265.73,44.44,Online,Completed,2025-09-06,PayPal
ORD-00420,2023-05-04,2023,5,Q2,CUST-0043,PROD-0062,USER-023,Automotive,2,405.29,214.44,810.58,5,40.53,770.05,428.88,341.17,44.3,Retail Store,Completed,2023-05-05,UPI
ORD-00421,2025-09-03,2025,9,Q3,CUST-0007,PROD-0041,USER-005,Beauty,13,678.82,396.97,8824.66,15,1323.7,7500.96,5160.61,2340.35,31.2,Online,Returned,2025-09-06,UPI
ORD-00422,2023-06-16,2023,6,Q2,CUST-0063,PROD-0017,USER-004,Home & Kitchen,2,864.42,411.63,1728.84,15,259.33,1469.51,823.26,646.25,43.98,Online,Returned,2023-06-21,UPI
ORD-00423,2025-09-08,2025,9,Q3,CUST-0027,PROD-0078,USER-002,Office Supplies,20,1018.64,482.77,20372.8,20,4074.56,16298.24,9655.4,6642.84,40.76,Retail Store,Completed,2025-09-09,Bank Transfer
ORD-00424,2022-04-26,2022,4,Q2,CUST-0042,PROD-0004,USER-027,Electronics,11,1113.23,494.77,12245.53,10,1224.55,11020.98,5442.47,5578.51,50.62,Online,Completed,2022-04-28,Credit Card
ORD-00425,2024-02-24,2024,2,Q1,CUST-0008,PROD-0050,USER-010,Toys,11,960.94,417.8,10570.34,15,1585.55,8984.79,4595.8,4388.99,48.85,Online,Completed,2024-02-26,Bank Transfer
ORD-00426,2024-03-01,2024,3,Q1,CUST-0070,PROD-0074,USER-013,Office Supplies,19,717.96,478.64,13641.24,0,0.0,13641.24,9094.16,4547.08,33.33,Retail Store,Completed,2024-03-04,Bank Transfer
ORD-00427,2022-08-25,2022,8,Q3,CUST-0031,PROD-0043,USER-017,Beauty,16,100.66,59.21,1610.56,5,80.53,1530.03,947.36,582.67,38.08,Retail Store,Completed,2022-08-27,UPI
ORD-00428,2023-09-24,2023,9,Q3,CUST-0027,PROD-0076,USER-007,Office Supplies,16,407.85,188.82,6525.6,0,0.0,6525.6,3021.12,3504.48,53.7,Online,Completed,2023-09-25,Credit Card
ORD-00429,2023-04-10,2023,4,Q2,CUST-0005,PROD-0050,USER-017,Toys,12,960.94,417.8,11531.28,5,576.56,10954.72,5013.6,5941.12,54.23,Online,Completed,2023-04-13,Credit Card
ORD-00430,2023-09-14,2023,9,Q3,CUST-0093,PROD-0001,USER-026,Electronics,6,808.7,347.08,4852.2,20,970.44,3881.76,2082.48,1799.28,46.35,Direct Sales,Completed,2023-09-17,Credit Card
ORD-00431,2022-07-12,2022,7,Q3,CUST-0088,PROD-0044,USER-030,Beauty,13,37.19,17.88,483.47,5,24.17,459.3,232.44,226.86,49.39,Retail Store,Completed,2022-07-14,Bank Transfer
ORD-00432,2022-03-02,2022,3,Q1,CUST-0085,PROD-0065,USER-020,Food & Grocery,8,299.41,194.42,2395.28,0,0.0,2395.28,1555.36,839.92,35.07,Wholesale,Completed,2022-03-05,Cash
ORD-00433,2023-10-10,2023,10,Q4,CUST-0010,PROD-0033,USER-006,Books,17,542.28,227.85,9218.76,0,0.0,9218.76,3873.45,5345.31,57.98,Retail Store,Pending,2023-10-11,Bank Transfer
ORD-00434,2023-06-06,2023,6,Q2,CUST-0088,PROD-0064,USER-007,Automotive,20,87.18,45.17,1743.6,15,261.54,1482.06,903.4,578.66,39.04,Online,Completed,2023-06-09,Bank Transfer
ORD-00435,2025-11-16,2025,11,Q4,CUST-0014,PROD-0003,USER-015,Electronics,11,777.34,413.48,8550.74,15,1282.61,7268.13,4548.28,2719.85,37.42,Retail Store,Completed,2025-11-21,Bank Transfer
ORD-00436,2025-04-18,2025,4,Q2,CUST-0082,PROD-0048,USER-014,Beauty,10,415.31,206.62,4153.1,0,0.0,4153.1,2066.2,2086.9,50.25,Retail Store,Completed,2025-04-22,UPI
ORD-00437,2024-05-05,2024,5,Q2,CUST-0044,PROD-0004,USER-014,Electronics,16,1113.23,494.77,17811.68,15,2671.75,15139.93,7916.32,7223.61,47.71,Wholesale,Pending,2024-05-06,UPI
ORD-00438,2023-12-12,2023,12,Q4,CUST-0075,PROD-0076,USER-001,Office Supplies,12,407.85,188.82,4894.2,5,244.71,4649.49,2265.84,2383.65,51.27,Direct Sales,Completed,2023-12-14,UPI
ORD-00439,2025-02-26,2025,2,Q1,CUST-0049,PROD-0037,USER-010,Books,6,582.25,407.17,3493.5,0,0.0,3493.5,2443.02,1050.48,30.07,Wholesale,Completed,2025-02-28,Bank Transfer
ORD-00440,2023-07-14,2023,7,Q3,CUST-0037,PROD-0031,USER-028,Sports,11,821.96,349.77,9041.56,5,452.08,8589.48,3847.47,4742.01,55.21,Wholesale,Returned,2023-07-16,UPI
ORD-00441,2023-11-16,2023,11,Q4,CUST-0077,PROD-0030,USER-022,Sports,10,547.13,279.15,5471.3,0,0.0,5471.3,2791.5,2679.8,48.98,Retail Store,Completed,2023-11-17,PayPal
ORD-00442,2025-09-17,2025,9,Q3,CUST-0085,PROD-0056,USER-004,Toys,8,378.73,192.25,3029.84,0,0.0,3029.84,1538.0,1491.84,49.24,Retail Store,Completed,2025-09-20,Cash
ORD-00443,2024-01-19,2024,1,Q1,CUST-0042,PROD-0059,USER-002,Automotive,5,749.92,471.65,3749.6,10,374.96,3374.64,2358.25,1016.39,30.12,Direct Sales,Pending,2024-01-23,Credit Card
ORD-00444,2025-02-15,2025,2,Q1,CUST-0007,PROD-0075,USER-008,Office Supplies,15,794.13,431.59,11911.95,0,0.0,11911.95,6473.85,5438.1,45.65,Wholesale,Pending,2025-02-19,Bank Transfer
ORD-00445,2025-10-28,2025,10,Q4,CUST-0047,PROD-0053,USER-025,Toys,13,510.65,378.26,6638.45,10,663.85,5974.6,4917.38,1057.22,17.7,Retail Store,Pending,2025-10-28,Credit Card
ORD-00446,2023-08-15,2023,8,Q3,CUST-0069,PROD-0029,USER-007,Sports,3,682.51,346.45,2047.53,15,307.13,1740.4,1039.35,701.05,40.28,Wholesale,Pending,2023-08-17,UPI
ORD-00447,2024-07-24,2024,7,Q3,CUST-0009,PROD-0051,USER-015,Toys,9,733.95,495.91,6605.55,0,0.0,6605.55,4463.19,2142.36,32.43,Retail Store,Completed,2024-07-25,UPI
ORD-00448,2023-08-13,2023,8,Q3,CUST-0027,PROD-0023,USER-023,Home & Kitchen,6,659.44,360.35,3956.64,0,0.0,3956.64,2162.1,1794.54,45.36,Wholesale,Pending,2023-08-14,PayPal
ORD-00449,2023-12-02,2023,12,Q4,CUST-0097,PROD-0001,USER-016,Electronics,14,808.7,347.08,11321.8,5,566.09,10755.71,4859.12,5896.59,54.82,Direct Sales,Completed,2023-12-03,Cash
ORD-00450,2024-06-17,2024,6,Q2,CUST-0092,PROD-0042,USER-030,Beauty,1,370.28,282.66,370.28,15,55.54,314.74,282.66,32.08,10.19,Online,Pending,2024-06-22,Bank Transfer
ORD-00451,2025-04-03,2025,4,Q2,CUST-0088,PROD-0067,USER-014,Food & Grocery,10,245.11,175.08,2451.1,5,122.56,2328.54,1750.8,577.74,24.81,Retail Store,Returned,2025-04-04,PayPal
ORD-00452,2023-02-16,2023,2,Q1,CUST-0048,PROD-0045,USER-002,Beauty,5,403.29,163.94,2016.45,15,302.47,1713.98,819.7,894.28,52.18,Retail Store,Completed,2023-02-18,PayPal
ORD-00453,2022-05-13,2022,5,Q2,CUST-0039,PROD-0004,USER-021,Electronics,11,1113.23,494.77,12245.53,15,1836.83,10408.7,5442.47,4966.23,47.71,Wholesale,Pending,2022-05-17,Bank Transfer
ORD-00454,2024-09-14,2024,9,Q3,CUST-0087,PROD-0001,USER-014,Electronics,1,808.7,347.08,808.7,0,0.0,808.7,347.08,461.62,57.08,Wholesale,Completed,2024-09-15,Bank Transfer
ORD-00455,2024-01-28,2024,1,Q1,CUST-0012,PROD-0042,USER-022,Beauty,7,370.28,282.66,2591.96,0,0.0,2591.96,1978.62,613.34,23.66,Retail Store,Completed,2024-01-28,UPI
ORD-00456,2023-11-05,2023,11,Q4,CUST-0056,PROD-0039,USER-026,Books,11,783.31,418.88,8616.41,0,0.0,8616.41,4607.68,4008.73,46.52,Direct Sales,Returned,2023-11-06,UPI
ORD-00457,2022-08-09,2022,8,Q3,CUST-0040,PROD-0079,USER-025,Office Supplies,7,121.72,88.2,852.04,0,0.0,852.04,617.4,234.64,27.54,Retail Store,Completed,2022-08-13,UPI
ORD-00458,2025-01-10,2025,1,Q1,CUST-0045,PROD-0027,USER-015,Sports,15,437.56,186.99,6563.4,5,328.17,6235.23,2804.85,3430.38,55.02,Retail Store,Returned,2025-01-15,UPI
ORD-00459,2025-06-12,2025,6,Q2,CUST-0041,PROD-0023,USER-020,Home & Kitchen,19,659.44,360.35,12529.36,15,1879.4,10649.96,6846.65,3803.31,35.71,Retail Store,Pending,2025-06-14,Cash
ORD-00460,2024-07-24,2024,7,Q3,CUST-0058,PROD-0005,USER-027,Electronics,2,624.79,452.75,1249.58,10,124.96,1124.62,905.5,219.12,19.48,Retail Store,Completed,2024-07-26,UPI
ORD-00461,2023-09-21,2023,9,Q3,CUST-0084,PROD-0032,USER-012,Sports,11,54.33,31.77,597.63,0,0.0,597.63,349.47,248.16,41.52,Wholesale,Completed,2023-09-24,UPI
ORD-00462,2024-06-22,2024,6,Q2,CUST-0053,PROD-0067,USER-005,Food & Grocery,9,245.11,175.08,2205.99,10,220.6,1985.39,1575.72,409.67,20.63,Online,Pending,2024-06-26,Bank Transfer
ORD-00463,2023-01-20,2023,1,Q1,CUST-0095,PROD-0071,USER-005,Food & Grocery,8,1159.58,487.22,9276.64,20,1855.33,7421.31,3897.76,3523.55,47.48,Retail Store,Returned,2023-01-23,Credit Card
ORD-00464,2022-03-08,2022,3,Q1,CUST-0012,PROD-0045,USER-022,Beauty,19,403.29,163.94,7662.51,10,766.25,6896.26,3114.86,3781.4,54.83,Retail Store,Completed,2022-03-11,PayPal
ORD-00465,2024-02-07,2024,2,Q1,CUST-0068,PROD-0025,USER-016,Sports,6,972.91,498.93,5837.46,10,583.75,5253.71,2993.58,2260.13,43.02,Direct Sales,Completed,2024-02-10,PayPal
ORD-00466,2022-08-28,2022,8,Q3,CUST-0009,PROD-0073,USER-023,Office Supplies,9,95.67,73.03,861.03,20,172.21,688.82,657.27,31.55,4.58,Wholesale,Completed,2022-08-28,Bank Transfer
ORD-00467,2022-01-28,2022,1,Q1,CUST-0006,PROD-0039,USER-009,Books,5,783.31,418.88,3916.55,0,0.0,3916.55,2094.4,1822.15,46.52,Online,Completed,2022-01-28,UPI
ORD-00468,2024-07-04,2024,7,Q3,CUST-0027,PROD-0066,USER-003,Food & Grocery,12,675.08,340.95,8100.96,0,0.0,8100.96,4091.4,4009.56,49.49,Retail Store,Pending,2024-07-08,UPI
ORD-00469,2023-07-24,2023,7,Q3,CUST-0053,PROD-0079,USER-029,Office Supplies,18,121.72,88.2,2190.96,15,328.64,1862.32,1587.6,274.72,14.75,Online,Returned,2023-07-26,Cash
ORD-00470,2023-09-02,2023,9,Q3,CUST-0088,PROD-0024,USER-010,Home & Kitchen,14,704.05,388.98,9856.7,20,1971.34,7885.36,5445.72,2439.64,30.94,Wholesale,Completed,2023-09-05,UPI
ORD-00471,2022-11-11,2022,11,Q4,CUST-0031,PROD-0008,USER-003,Electronics,17,824.83,499.9,14022.11,0,0.0,14022.11,8498.3,5523.81,39.39,Direct Sales,Completed,2022-11-16,Cash
ORD-00472,2024-01-06,2024,1,Q1,CUST-0045,PROD-0012,USER-002,Clothing,11,151.45,86.05,1665.95,0,0.0,1665.95,946.55,719.4,43.18,Direct Sales,Pending,2024-01-11,Bank Transfer
ORD-00473,2024-09-28,2024,9,Q3,CUST-0078,PROD-0045,USER-015,Beauty,7,403.29,163.94,2823.03,0,0.0,2823.03,1147.58,1675.45,59.35,Retail Store,Pending,2024-09-28,PayPal
ORD-00474,2025-04-04,2025,4,Q2,CUST-0018,PROD-0080,USER-008,Office Supplies,10,618.25,277.24,6182.5,5,309.13,5873.37,2772.4,3100.97,52.8,Retail Store,Completed,2025-04-08,UPI
ORD-00475,2024-12-25,2024,12,Q4,CUST-0038,PROD-0016,USER-027,Clothing,11,1096.0,438.4,12056.0,20,2411.2,9644.8,4822.4,4822.4,50.0,Wholesale,Returned,2024-12-28,UPI
ORD-00476,2024-08-12,2024,8,Q3,CUST-0017,PROD-0001,USER-020,Electronics,15,808.7,347.08,12130.5,5,606.52,11523.98,5206.2,6317.78,54.82,Online,Returned,2024-08-15,Bank Transfer
ORD-00477,2023-08-20,2023,8,Q3,CUST-0040,PROD-0067,USER-010,Food & Grocery,12,245.11,175.08,2941.32,5,147.07,2794.25,2100.96,693.29,24.81,Direct Sales,Returned,2023-08-21,Bank Transfer
ORD-00478,2024-01-09,2024,1,Q1,CUST-0040,PROD-0069,USER-023,Food & Grocery,2,273.51,181.13,547.02,0,0.0,547.02,362.26,184.76,33.78,Retail Store,Completed,2024-01-10,Cash
ORD-00479,2022-12-28,2022,12,Q4,CUST-0085,PROD-0064,USER-024,Automotive,14,87.18,45.17,1220.52,0,0.0,1220.52,632.38,588.14,48.19,Retail Store,Pending,2022-12-28,Cash
ORD-00480,2024-03-23,2024,3,Q1,CUST-0014,PROD-0075,USER-012,Office Supplies,6,794.13,431.59,4764.78,0,0.0,4764.78,2589.54,2175.24,45.65,Retail Store,Completed,2024-03-25,Cash
ORD-00481,2023-03-16,2023,3,Q1,CUST-0045,PROD-0029,USER-015,Sports,19,682.51,346.45,12967.69,15,1945.15,11022.54,6582.55,4439.99,40.28,Retail Store,Completed,2023-03-18,Credit Card
ORD-00482,2022-09-06,2022,9,Q3,CUST-0070,PROD-0078,USER-029,Office Supplies,11,1018.64,482.77,11205.04,20,2241.01,8964.03,5310.47,3653.56,40.76,Wholesale,Completed,2022-09-11,Cash
ORD-00483,2024-10-17,2024,10,Q4,CUST-0084,PROD-0008,USER-030,Electronics,3,824.83,499.9,2474.49,0,0.0,2474.49,1499.7,974.79,39.39,Direct Sales,Completed,2024-10-19,Cash
ORD-00484,2023-01-06,2023,1,Q1,CUST-0093,PROD-0035,USER-025,Books,8,618.47,381.77,4947.76,0,0.0,4947.76,3054.16,1893.6,38.27,Wholesale,Returned,2023-01-07,PayPal
ORD-00485,2025-08-23,2025,8,Q3,CUST-0031,PROD-0057,USER-012,Automotive,15,994.69,438.19,14920.35,20,2984.07,11936.28,6572.85,5363.43,44.93,Wholesale,Completed,2025-08-25,PayPal
ORD-00486,2024-09-26,2024,9,Q3,CUST-0031,PROD-0050,USER-023,Toys,9,960.94,417.8,8648.46,5,432.42,8216.04,3760.2,4455.84,54.23,Retail Store,Returned,2024-09-28,PayPal
ORD-00487,2022-04-25,2022,4,Q2,CUST-0042,PROD-0014,USER-028,Clothing,7,576.96,261.07,4038.72,0,0.0,4038.72,1827.49,2211.23,54.75,Wholesale,Completed,2022-04-28,Credit Card
ORD-00488,2022-08-06,2022,8,Q3,CUST-0083,PROD-0033,USER-011,Books,9,542.28,227.85,4880.52,10,488.05,4392.47,2050.65,2341.82,53.31,Wholesale,Completed,2022-08-10,UPI
ORD-00489,2025-03-25,2025,3,Q1,CUST-0032,PROD-0038,USER-026,Books,19,213.22,134.95,4051.18,0,0.0,4051.18,2564.05,1487.13,36.71,Wholesale,Completed,2025-03-28,Cash
ORD-00490,2025-04-23,2025,4,Q2,CUST-0046,PROD-0013,USER-009,Clothing,8,360.23,238.56,2881.84,20,576.37,2305.47,1908.48,396.99,17.22,Direct Sales,Pending,2025-04-24,Bank Transfer
ORD-00491,2022-03-20,2022,3,Q1,CUST-0038,PROD-0029,USER-007,Sports,1,682.51,346.45,682.51,20,136.5,546.01,346.45,199.56,36.55,Retail Store,Completed,2022-03-25,Cash
ORD-00492,2022-10-26,2022,10,Q4,CUST-0002,PROD-0076,USER-029,Office Supplies,8,407.85,188.82,3262.8,5,163.14,3099.66,1510.56,1589.1,51.27,Wholesale,Completed,2022-10-28,Credit Card
ORD-00493,2022-02-04,2022,2,Q1,CUST-0014,PROD-0048,USER-026,Beauty,10,415.31,206.62,4153.1,10,415.31,3737.79,2066.2,1671.59,44.72,Wholesale,Completed,2022-02-06,Cash
ORD-00494,2023-04-27,2023,4,Q2,CUST-0025,PROD-0071,USER-018,Food & Grocery,3,1159.58,487.22,3478.74,5,173.94,3304.8,1461.66,1843.14,55.77,Retail Store,Returned,2023-04-28,PayPal
ORD-00495,2025-06-22,2025,6,Q2,CUST-0027,PROD-0030,USER-029,Sports,19,547.13,279.15,10395.47,10,1039.55,9355.92,5303.85,4052.07,43.31,Online,Pending,2025-06-23,Bank Transfer
ORD-00496,2022-11-14,2022,11,Q4,CUST-0030,PROD-0067,USER-030,Food & Grocery,4,245.11,175.08,980.44,15,147.07,833.37,700.32,133.05,15.97,Online,Returned,2022-11-19,Cash
ORD-00497,2024-07-03,2024,7,Q3,CUST-0080,PROD-0060,USER-011,Automotive,12,682.05,385.34,8184.6,0,0.0,8184.6,4624.08,3560.52,43.5,Wholesale,Completed,2024-07-04,Cash
ORD-00498,2025-06-26,2025,6,Q2,CUST-0012,PROD-0077,USER-022,Office Supplies,2,254.79,125.51,509.58,20,101.92,407.66,251.02,156.64,38.42,Direct Sales,Completed,2025-06-28,Bank Transfer
ORD-00499,2024-01-09,2024,1,Q1,CUST-0022,PROD-0074,USER-030,Office Supplies,8,717.96,478.64,5743.68,0,0.0,5743.68,3829.12,1914.56,33.33,Online,Completed,2024-01-10,UPI
ORD-00500,2024-04-05,2024,4,Q2,CUST-0026,PROD-0006,USER-026,Electronics,17,329.23,187.06,5596.91,0,0.0,5596.91,3180.02,2416.89,43.18,Wholesale,Returned,2024-04-08,PayPal
